,company_permalink,company_name,company_category_list,company_market,company_country_code,company_state_code,company_region,company_city,acquirer_permalink,acquirer_name,acquirer_category_list,acquirer_market,acquirer_country_code,acquirer_state_code,acquirer_region,acquirer_city,acquired_at,acquired_month,acquired_quarter,acquired_year,price_amount,price_currency_code,raised_amount_usd
9,/organization/adify,Adify,|Advertising|,Advertising,USA,CA,SF Bay Area,San Bruno,/organization/cox-enterprises,Cox Enterprises,|Software|Digital Media|Broadcasting|,Digital Media,USA,GA,Atlanta,Atlanta,4/28/08,2008-04,2008-Q2,2008,300000000,USD,27000000
12,/organization/admob,AdMob,|Mobile|Advertising|,Advertising,USA,CA,SF Bay Area,Mountain View,/organization/google,Google,|Software|Video Streaming|Information Technology|Blogging Platforms|Email|Search|,Service Provider,USA,CA,SF Bay Area,Mountain View,11/9/09,2009-11,2009-Q4,2009,750000000,USD,46800000
15,/organization/aggregateknowledge,Aggregate Knowledge,|Advertising|,Advertising,USA,CA,SF Bay Area,San Mateo,/organization/neustar,Neustar,|Telecommunications|Analytics|Information Technology|,Analytics,USA,VA,"Washington, D.C.",Sterling,10/31/13,2013-10,2013-Q4,2013,119000000,USD,59958350
32,/organization/appia,Appia,|App Stores|Mobile|Advertising|,Advertising,USA,NC,Raleigh,Durham,/organization/mandalay-digital-group,Mandalay Digital Group,|Mobile|,Mobile,USA,CA,Los Angeles,Los Angeles,11/13/14,2014-11,2014-Q4,2014,100000000,USD,22750000
59,/organization/bizo,Bizo,|Advertising|,Advertising,USA,CA,SF Bay Area,San Francisco,/organization/linkedin,LinkedIn,|Social Recruiting|Software|Networking|Social Media|,Software,USA,CA,SF Bay Area,Mountain View,7/22/14,2014-07,2014-Q3,2014,175000000,USD,16000000
65,/organization/bluelithium,BlueLithium,|Search|Advertising|,Advertising,USA,CA,SF Bay Area,San Jose,/organization/yahoo,Yahoo!,|Photography|Email|Portals|Search|Curated Web|,Service Provider,USA,CA,SF Bay Area,Sunnyvale,9/4/07,2007-09,2007-Q3,2007,300000000,USD,11500000
70,/organization/brightroll,BrightRoll,|Advertising Platforms|Online Video Advertising|Advertising|Software|,Advertising,USA,CA,SF Bay Area,San Francisco,/organization/yahoo,Yahoo!,|Photography|Email|Portals|Search|Curated Web|,Service Provider,USA,CA,SF Bay Area,Sunnyvale,11/11/14,2014-11,2014-Q4,2014,640000000,USD,36000000
125,/organization/efficient-frontier,Efficient Frontier,|Advertising|,Advertising,USA,CA,SF Bay Area,Sunnyvale,/organization/adobe-systems,Adobe Systems,|Image Recognition|Design|Photo Editing|Creative|Software|,Photo Editing,USA,CA,SF Bay Area,San Jose,11/30/11,2011-11,2011-Q4,2011,400000000,USD,6000000
149,/organization/freewheel,FreeWheel,|Advertising|Video|Television|Enterprise Software|,Advertising,USA,CA,SF Bay Area,San Mateo,/organization/comcast,Comcast,|Web Hosting|,Web Hosting,USA,PA,Philadelphia,Philadelphia,3/2/14,2014-03,2014-Q1,2014,320000000,USD,37049998
169,/organization/gravity,Gravity,|Personalization|Interest Graph|Advertising|,Advertising,USA,CA,Los Angeles,Santa Monica,/organization/aol,AOL,|Advertising Platforms|Content Creators|Digital Media|News|,Service Provider,USA,NY,New York City,New York,1/23/14,2014-01,2014-Q1,2014,90700000,USD,20600000
199,/organization/invitemedia,Invite Media,|Advertising|,Advertising,USA,PA,Philadelphia,Philadelphia,/organization/google,Google,|Software|Video Streaming|Information Technology|Blogging Platforms|Email|Search|,Service Provider,USA,CA,SF Bay Area,Mountain View,6/2/10,2010-06,2010-Q2,2010,80000000,USD,4000000
208,/organization/jingle-networks,Jingle Networks,|Advertising|Mobile|,Advertising,USA,NY,New York City,New York,/organization/marchex,Marchex,|Enterprise Software|Business Services|Technology|Advertising|Mobile|,Enterprise Software,USA,WA,Seattle,Seattle,4/11/11,2011-04,2011-Q2,2011,62500000,USD,81500000
220,/organization/kontera,Kontera,|Analytics|Big Data|Advertising|,Advertising,USA,CA,SF Bay Area,San Francisco,/organization/amobee,Amobee,|Advertising|,Advertising,USA,CA,SF Bay Area,Redwood City,6/11/14,2014-06,2014-Q2,2014,150000000,USD,36140000
340,/organization/quattro-wireless,Quattro Wireless,|Advertising|,Advertising,USA,MA,Boston,Waltham,/organization/apple,Apple,|Computers|Consumer Electronics|Hardware + Software|,Hardware + Software,USA,CA,SF Bay Area,Cupertino,1/5/10,2010-01,2010-Q1,2010,275000000,USD,28300000
357,/organization/rhythm-newmedia,Rhythm NewMedia,|App Marketing|Mobile Video|Advertising|,Advertising,USA,CA,SF Bay Area,Mountain View,/organization/blinkx,blinkx,|Search|Games|,Games,USA,CA,SF Bay Area,San Francisco,12/3/13,2013-12,2013-Q4,2013,65000000,USD,23101322
358,/organization/right-media,Right Media,|Advertising|,Advertising,USA,NY,New York City,New York,/organization/yahoo,Yahoo!,|Photography|Email|Portals|Search|Curated Web|,Service Provider,USA,CA,SF Bay Area,Sunnyvale,4/1/07,2007-04,2007-Q2,2007,850000000,USD,45000000
366,/organization/scanscout,ScanScout,|Advertising|,Advertising,USA,MA,Boston,Boston,/organization/tremor-video,Tremor Video,|Advertising|,Advertising,USA,NY,New York City,New York,12/8/10,2010-12,2010-Q4,2010,86000000,USD,15500000
420,/organization/tacoda,Tacoda,|Advertising|,Advertising,USA,NY,New York City,New York,/organization/aol,AOL,|Advertising Platforms|Content Creators|Digital Media|News|,Service Provider,USA,NY,New York City,New York,7/24/07,2007-07,2007-Q3,2007,275000000,USD,7000000
283,/organization/social-iq-networks,Nexgate,|Fraud Detection|Brand Marketing|Social Media|Enterprise Software|,Advertising,USA,CA,SF Bay Area,Burlingame,/organization/proofpoint,Proofpoint,|Software|Technology|Enterprise Software|,Software,USA,CA,SF Bay Area,Sunnyvale,10/23/14,2014-10,2014-Q4,2014,35000000,USD,3500000
41,/organization/aster-data-systems,Aster Data Systems,|Databases|Analytics|,Software,USA,CA,SF Bay Area,San Carlos,/organization/teradata,Teradata,|Big Data|Consulting|,Big Data,USA,OH,Dayton,Miamisburg,3/3/11,2011-03,2011-Q1,2011,263000000,USD,52000000
387,/organization/siperian,Siperian,|Analytics|,Software,USA,CA,SF Bay Area,Foster City,/organization/informatica,Informatica,|Big Data Analytics|Mobile Devices|Cloud Computing|Data Integration|Software|,Mobile Devices,USA,CA,SF Bay Area,Redwood City,1/29/10,2010-01,2010-Q1,2010,130000000,USD,25000000
456,/organization/videoiq,VideoIQ,|Analytics|,Software,USA,MA,Boston,Bedford,/organization/avigilon-corporation,Avigilon Corporation,|Hardware + Software|,Hardware + Software,CAN,BC,Vancouver,Vancouver,12/31/13,2013-12,2013-Q4,2013,32000000,USD,29000000
8,/organization/adiana,Adiana,|Biotechnology|,Biotechnology,USA,CA,SF Bay Area,Redwood City,/organization/cytyc,Cytyc,|Biotechnology|,Biotechnology,USA,MA,Boston,Marlborough,2/26/07,2007-02,2007-Q1,2007,215000000,USD,23000000
13,/organization/adnexus,Adnexus,|Biotechnology|,Biotechnology,USA,MA,Boston,Waltham,/organization/bristol-myers-squibb,Bristol-Myers Squibb,|Health and Wellness|Pharmaceuticals|Biotechnology|,Pharmaceuticals,USA,NY,New York City,New York,8/10/10,2010-08,2010-Q3,2010,415000000,USD,42500000
17,/organization/ahura-scientific,Ahura Scientific,|Biotechnology|,Biotechnology,USA,ME,ME - Other,Limington,/organization/thermo-fisher-scientific,Thermo Fisher Scientific,|Technology|Bioinformatics|Biotechnology|,Bioinformatics,USA,MA,Boston,Waltham,1/19/10,2010-01,2010-Q1,2010,145000000,USD,17000000
30,/organization/angioscore,AngioScore,|Biotechnology|,Biotechnology,USA,CA,SF Bay Area,Fremont,/organization/spectranetics,Spectranetics,|Medical Devices|,Medical Devices,USA,CO,Colorado Springs,Colorado Springs,5/27/14,2014-05,2014-Q2,2014,230000000,USD,30000000
48,/organization/avid-radiopharmaceuticals,Avid Radiopharmaceuticals,|Biotechnology|,Biotechnology,USA,PA,Philadelphia,Philadelphia,/organization/eli-lilly,Eli Lilly,|Biotechnology|,Biotechnology,USA,IN,Indianapolis,Indianapolis,11/8/10,2010-11,2010-Q4,2010,800000000,USD,69400000
49,/organization/avidia,Avidia,|Pharmaceuticals|Medical|Biotechnology|,Biotechnology,USA,CA,SF Bay Area,Mountain View,/organization/amgen,Amgen,|Biotechnology|,Biotechnology,USA,CA,Los Angeles,Thousand Oaks,10/2/08,2008-10,2008-Q4,2008,380000000,USD,72300000
81,/organization/ception-therapeutics,Ception Therapeutics,|Biotechnology|,Biotechnology,USA,PA,Philadelphia,Malvern,/organization/cephalon,Cephalon,|Biotechnology|,Biotechnology,USA,PA,Philadelphia,Malvern,2/23/10,2010-02,2010-Q1,2010,250000000,USD,77700000
127,/organization/elevation-pharmaceuticals,Elevation Pharmaceuticals,|Biotechnology|,Biotechnology,USA,CA,San Diego,San Diego,/organization/sunovion-pharmaceuticals,Sunovion Pharmaceuticals,|Biotechnology|,Biotechnology,USA,MA,Boston,Marlborough,8/30/12,2012-08,2012-Q3,2012,430000000,USD,77000000
132,/organization/eragen-biosciences,EraGen Biosciences,|Biotechnology|,Biotechnology,USA,WI,Madison,Madison,/organization/luminex,Luminex,|Biotechnology|,Biotechnology,USA,TX,Austin,Austin,6/21/11,2011-06,2011-Q2,2011,34000000,USD,12000000
154,/organization/gemin-x-pharmaceuticals,Gemin X Pharmaceuticals,|Biotechnology|,Biotechnology,CAN,QC,Montreal,Montréal,/organization/cephalon,Cephalon,|Biotechnology|,Biotechnology,USA,PA,Philadelphia,Malvern,3/21/11,2011-03,2011-Q1,2011,525000000,USD,62000000
186,/organization/idev-technologies,IDEV Technologies,|Biotechnology|,Biotechnology,USA,TX,Houston,Webster,/organization/abbott,Abbott Labs,|Health and Wellness|Venture Capital|Medical|Biotechnology|,Health and Wellness,USA,IL,Chicago,Des Plaines,7/15/13,2013-07,2013-Q3,2013,310000000,USD,46000000
191,/organization/innopharma,InnoPharma,|Biotechnology|,Biotechnology,USA,NJ,Newark,Piscataway,/organization/pfizer,Pfizer,|Biotechnology|,Biotechnology,USA,NY,New York City,New York,7/16/14,2014-07,2014-Q3,2014,225000000,USD,15000000
200,/organization/ipierian,iPierian,|Biotechnology|,Biotechnology,USA,CA,SF Bay Area,South San Francisco,/organization/bristol-myers-squibb,Bristol-Myers Squibb,|Health and Wellness|Pharmaceuticals|Biotechnology|,Pharmaceuticals,USA,NY,New York City,New York,4/29/14,2014-04,2014-Q2,2014,725000000,USD,58970000
213,/organization/kai-pharmaceuticals,KAI Pharmaceuticals,|Medical|Biotechnology|,Biotechnology,USA,CA,SF Bay Area,South San Francisco,/organization/amgen,Amgen,|Biotechnology|,Biotechnology,USA,CA,Los Angeles,Thousand Oaks,4/10/12,2012-04,2012-Q2,2012,315000000,USD,35000000
240,/organization/ls9,LS9,|Biotechnology|,Biotechnology,USA,CA,SF Bay Area,South San Francisco,/organization/renewable-energy-group,Renewable Energy Group,|Chemicals|Clean Technology|,Chemicals,USA,IA,Des Moines,Ames,1/23/14,2014-01,2014-Q1,2014,61500000,USD,75000000
280,/organization/neuronex,Neuronex,|Biotechnology|,Biotechnology,USA,NC,Raleigh,Morrisville,/organization/acorda-therapeutics,Acorda Therapeutics,|Health Care|Biotechnology|,Health Care,USA,NY,New York City,Hawthorne,2/17/12,2012-02,2012-Q1,2012,130000000,USD,1500000
299,/organization/optimedica,OptiMedica,|Biotechnology|,Biotechnology,USA,CA,SF Bay Area,Santa Clara,/organization/abbott,Abbott Labs,|Health and Wellness|Venture Capital|Medical|Biotechnology|,Health and Wellness,USA,IL,Chicago,Des Plaines,7/15/13,2013-07,2013-Q3,2013,400000000,USD,51000000
333,/organization/protiva-biotherapeutics,Protiva Biotherapeutics,|Biotechnology|,Biotechnology,USA,WA,Seattle,Seattle,/organization/tekmira-pharmaceuticals,Tekmira Pharmaceuticals,|Biotechnology|,Biotechnology,CAN,BC,Burnaby,Burnaby,3/28/08,2008-03,2008-Q1,2008,32450000,USD,8260000
339,/organization/quantalife,QuantaLife,|Biotechnology|,Biotechnology,USA,CA,SF Bay Area,Pleasanton,/organization/bio-rad-laboratories,Bio-Rad Laboratories,|Biotechnology|,Biotechnology,USA,CA,SF Bay Area,Hercules,10/5/11,2011-10,2011-Q4,2011,162000000,USD,17200000
351,/organization/rempex-pharmaceuticals,Rempex Pharmaceuticals,|Biotechnology|,Biotechnology,USA,CA,San Diego,San Diego,/organization/the-medicines-company,The Medicines Company,|Biotechnology|,Biotechnology,USA,NJ,Newark,Parsippany,12/4/13,2013-12,2013-Q4,2013,464000000,USD,67500000
370,/organization/semprus-biosciences,Semprus BioSciences,|Biotechnology|,Biotechnology,USA,MA,Boston,Cambridge,/organization/teleflex,Teleflex,|Medical Devices|,Medical Devices,USA,PA,Philadelphia,Royersford,6/25/12,2012-06,2012-Q2,2012,30000000,USD,26000000
373,/organization/seragon-pharmaceuticals,Seragon Pharmaceuticals,|Biotechnology|,Biotechnology,USA,CA,San Diego,San Diego,/organization/genentech,Genentech,|Biotechnology|,Biotechnology,USA,CA,SF Bay Area,South San Francisco,7/1/14,2014-07,2014-Q3,2014,725000000,USD,30000000
394,/organization/smartcells,SmartCells,|Biotechnology|,Biotechnology,USA,MA,Boston,Beverly,/organization/merck-co-inc,Merck & Co.,|Health and Wellness|Pharmaceuticals|Biotechnology|,Biotechnology,USA,NJ,NJ - Other,Whitehouse Station,12/2/10,2010-12,2010-Q4,2010,500000000,USD,4100000
403,/organization/solstice-neurosciences,Solstice Neurosciences,|Biotechnology|,Biotechnology,USA,CA,SF Bay Area,South San Francisco,/organization/us-worldmeds,US WorldMeds,|Health Care|,Health Care,USA,OH,Akron - Canton,Louisville,8/13/10,2010-08,2010-Q3,2010,35700000,USD,85000000
412,/organization/stromedix,Stromedix,|Biotechnology|,Biotechnology,USA,MA,Boston,Cambridge,/organization/biogen-idec,Biogen Idec,|Health and Wellness|Biotechnology|,Health and Wellness,USA,MA,Boston,Weston,2/1/14,2014-02,2014-Q1,2014,750000000,USD,28000000
421,/organization/taligen-therapeutics,Taligen Therapeutics,|Health and Wellness|Pharmaceuticals|Biotechnology|,Biotechnology,USA,MA,Boston,Cambridge,/organization/alexion-pharmaceuticals,Alexion Pharmaceuticals,|Health and Wellness|Medical|Biotechnology|,Medical,USA,CT,Hartford,Cheshire,1/31/11,2011-01,2011-Q1,2011,111000000,USD,78750000
453,/organization/verenium,Verenium,|Biotechnology|,Biotechnology,USA,ME,ME - Other,Cambridge,/organization/british-petroleum,British Petroleum,|Procurement|Business Development|Mechanical Solutions|Energy|Oil|,Oil,USA,IL,Chicago,Warrenville,7/15/10,2010-07,2010-Q3,2010,98300000,USD,7309564
455,/organization/vicept-therapeutics,Vicept Therapeutics,|Medical|Biotechnology|,Biotechnology,USA,PA,Philadelphia,Malvern,/organization/allergan,Allergan,|Medical|Pharmaceuticals|Biotechnology|,Medical,USA,CA,Anaheim,Irvine,7/19/11,2011-07,2011-Q3,2011,275000000,USD,16000000
461,/organization/visualase-inc,Visualase,|Biotechnology|,Biotechnology,USA,TX,Houston,Houston,/organization/medtronic,Medtronic,|Medical Devices|Biotechnology|,Medical Devices,USA,MN,Minneapolis,Minneapolis,7/28/14,2014-07,2014-Q3,2014,105000000,USD,8700000
108,/organization/cyvek,CyVek,|Clinical Trials|Life Sciences|Biotechnology|,Biotechnology,USA,CT,Hartford,Wallingford,/organization/techne-corporation,Bio-Techne,|Medical Devices|Manufacturing|Biotechnology|,Biotechnology,USA,MN,Minneapolis,Minneapolis,11/4/14,2014-11,2014-Q4,2014,195000000,USD,10450000
122,/organization/dvs-sciences,DVS Sciences,|Manufacturing|,Biotechnology,USA,CA,SF Bay Area,Sunnyvale,/organization/fluidigm,Fluidigm,|Biotechnology|,Biotechnology,USA,CA,SF Bay Area,South San Francisco,1/29/14,2014-01,2014-Q1,2014,207500000,USD,14600000
160,/organization/gloucester-pharmaceuticals,Gloucester Pharmaceuticals,|Medical|Biotechnology|,Biotechnology,USA,MA,Boston,Cambridge,/organization/celgene,Celgene,|Medical|Biotechnology|,Biotechnology,USA,NJ,Newark,Summit,12/7/09,2009-12,2009-Q4,2009,640000000,USD,29000000
249,/organization/map-pharmaceuticals,MAP Pharmaceuticals,|Medical|Pharmaceuticals|Biotechnology|,Biotechnology,USA,CA,SF Bay Area,Mountain View,/organization/allergan,Allergan,|Medical|Pharmaceuticals|Biotechnology|,Medical,USA,CA,Anaheim,Irvine,1/22/13,2013-01,2013-Q1,2013,958000000,USD,50000000
331,/organization/prism-pharmaceuticals,Prism Pharmaceuticals,|Medical|Pharmaceuticals|Biotechnology|,Biotechnology,USA,PA,Philadelphia,King Of Prussia,/organization/baxter-international,Baxter International,|Medical|Biotechnology|,Medical,USA,IL,Chicago,Deerfield,4/18/11,2011-04,2011-Q2,2011,338000000,USD,15000000
76,/organization/cardiomems,CardioMEMS,|Medical Devices|Health Care|,Biotechnology,USA,GA,Atlanta,Atlanta,/organization/st-jude-medical,St. Jude Medical,|Medical Devices|,Medical Devices,USA,MN,Minneapolis,Saint Paul,5/30/14,2014-05,2014-Q2,2014,455000000,USD,22100000
384,/organization/simbionix,Simbionix,|Medical Devices|Health and Wellness|,Biotechnology,USA,OH,Cleveland,Cleveland,/organization/3d-systems,3D Systems,|Software|,Software,USA,SC,SC - Other,Rock Hill,7/31/14,2014-07,2014-Q3,2014,120000000,USD,7000000
385,/organization/simbionix,Simbionix,|Medical Devices|Health and Wellness|,Biotechnology,USA,OH,Cleveland,Cleveland,/organization/3d-systems,3D Systems,|Software|,Software,USA,SC,SC - Other,Rock Hill,1/30/14,2014-01,2014-Q1,2014,120000000,USD,7000000
435,/organization/topera,Topera,|3D|Medical|Medical Devices|Health Care|,Biotechnology,USA,CA,San Diego,San Diego,/organization/abbott,Abbott Labs,|Health and Wellness|Venture Capital|Medical|Biotechnology|,Health and Wellness,USA,IL,Chicago,Des Plaines,10/29/14,2014-10,2014-Q4,2014,250000000,USD,25000000
75,/organization/calistoga-pharmaceuticals,Calistoga Pharmaceuticals,|Medical|Pharmaceuticals|Biotechnology|,Biotechnology,USA,WA,Seattle,Seattle,/organization/gilead-sciences,Gilead Sciences,|Biotechnology|,Biotechnology,USA,CA,SF Bay Area,Foster City,2/22/11,2011-02,2011-Q1,2011,375000000,USD,92000000
388,/organization/sirtris-pharmaceuticals,Sirtris Pharmaceuticals,|Health Care|Pharmaceuticals|Biotechnology|,Biotechnology,USA,MA,Boston,Cambridge,/organization/glaxosmithkline,GlaxoSmithKline,|Health Care|Health and Wellness|Pharmaceuticals|Biotechnology|,Health Care,USA,NJ,Newark,Middlesex,4/22/08,2008-04,2008-Q2,2008,720000000,USD,77000000
102,/organization/cpower,CPower,|Clean Technology|,Clean Technology,USA,NY,New York City,New York,/organization/constellation-energy,Constellation Energy,|Energy|,Energy,USA,MD,Baltimore,Baltimore,9/19/10,2010-09,2010-Q3,2010,78000000,USD,27680000
346,/organization/recurrent-energy,Recurrent Energy,|Clean Technology|,Clean Technology,USA,CA,SF Bay Area,San Francisco,/organization/sharp-electronics,Sharp Electronics,|Hardware + Software|,Hardware + Software,USA,NJ,Newark,Mahwah,9/22/10,2010-09,2010-Q3,2010,305000000,USD,85000000
348,/organization/redwood-systems,Redwood Systems,|Clean Technology|,Clean Technology,USA,CA,SF Bay Area,Fremont,/organization/commscope-enterprise-solutions,CommScope,|Communications Hardware|Broadcasting|Hardware + Software|,Broadcasting,USA,TX,Dallas,Richardson,7/9/13,2013-07,2013-Q3,2013,60000000,USD,30750000
492,/organization/zep-solar,Zep Solar,|Renewable Energies|Solar|Clean Technology|,Clean Technology,USA,CA,SF Bay Area,San Rafael,/organization/solarcity,SolarCity,|Construction|Clean Technology|,Construction,USA,CA,SF Bay Area,San Mateo,10/9/13,2013-10,2013-Q4,2013,158000000,USD,10571182
124,/organization/edgecast,EdgeCast Networks,|Content|Content Delivery|Web Hosting|,Curated Web,USA,CA,Los Angeles,Santa Monica,/organization/verizon,Verizon Communications,|Mobile|,Mobile,USA,NY,New York City,New York,12/9/13,2013-12,2013-Q4,2013,350000000,USD,74000000
40,/organization/associatedcontent,Associated Content,|Curated Web|,Curated Web,USA,CO,Denver,Denver,/organization/yahoo,Yahoo!,|Photography|Email|Portals|Search|Curated Web|,Service Provider,USA,CA,SF Bay Area,Sunnyvale,5/18/10,2010-05,2010-Q2,2010,90000000,USD,21400000
69,/organization/bright-com,Bright.com,|Curated Web|,Curated Web,USA,CA,SF Bay Area,San Francisco,/organization/linkedin,LinkedIn,|Social Recruiting|Software|Networking|Social Media|,Software,USA,CA,SF Bay Area,Mountain View,2/6/14,2014-02,2014-Q1,2014,120000000,USD,20000000
107,/organization/cue,Cue,|Curated Web|,Curated Web,USA,CA,SF Bay Area,San Francisco,/organization/apple,Apple,|Computers|Consumer Electronics|Hardware + Software|,Hardware + Software,USA,CA,SF Bay Area,Cupertino,10/4/13,2013-10,2013-Q4,2013,50000000,USD,11500000
117,/organization/dimdim,Dimdim,|Curated Web|,Curated Web,USA,MA,Boston,Lowell,/organization/salesforce,Salesforce,|Software|Hardware + Software|Enterprises|Cloud Computing|,Enterprise Software,USA,CA,SF Bay Area,San Francisco,1/6/11,2011-01,2011-Q1,2011,31000000,USD,8400000
141,/organization/feedburner,FeedBurner,|Curated Web|,Curated Web,USA,IL,Chicago,Chicago,/organization/google,Google,|Software|Video Streaming|Information Technology|Blogging Platforms|Email|Search|,Service Provider,USA,CA,SF Bay Area,Mountain View,6/1/07,2007-06,2007-Q2,2007,100000000,USD,8000000
164,/organization/goodreads,Goodreads,|Textbooks|Networking|Curated Web|,Curated Web,USA,CA,Los Angeles,Santa Monica,/organization/amazon,Amazon,|Consumer Goods|Groceries|Crowdsourcing|E-Commerce|,Consumer Goods,USA,WA,Seattle,Seattle,3/29/13,2013-03,2013-Q1,2013,150000000,USD,2000000
290,/organization/okcupid,OkCupid,|Online Dating|Curated Web|,Curated Web,USA,NY,New York City,New York,/organization/match,Match,|Online Dating|Social Media|,Online Dating,USA,TX,Dallas,Dallas,2/2/11,2011-02,2011-Q1,2011,50000000,USD,6000000
316,/organization/plaxo,Plaxo,|Trading|Synchronization|Databases|Contact Management|Curated Web|,Curated Web,USA,CA,SF Bay Area,Sunnyvale,/organization/comcast,Comcast,|Web Hosting|,Web Hosting,USA,PA,Philadelphia,Philadelphia,5/14/08,2008-05,2008-Q2,2008,150000000,USD,28300000
321,/organization/pluck,Pluck,|Curated Web|,Curated Web,USA,TX,Austin,Austin,/organization/demandmedia,Demand Media,|Social Media|Music|Content|News|,Social Media,USA,CA,Los Angeles,Santa Monica,3/4/08,2008-03,2008-Q1,2008,75000000,USD,17000000
391,/organization/slideshare,SlideShare,|Curated Web|,Curated Web,USA,CA,SF Bay Area,San Francisco,/organization/linkedin,LinkedIn,|Social Recruiting|Software|Networking|Social Media|,Software,USA,CA,SF Bay Area,Mountain View,5/3/12,2012-05,2012-Q2,2012,119000000,USD,2700000
410,/organization/starcite,"StarCite, Part of Active Network",|Curated Web|,Curated Web,USA,PA,Philadelphia,Philadelphia,/organization/activenetwork,ACTIVE Network,|Software|,Software,USA,TX,Dallas,Dallas,12/30/10,2010-12,2010-Q4,2010,51000000,USD,15000000
417,/organization/swapdrive,SwapDrive,|Curated Web|,Curated Web,USA,DC,"Washington, D.C.",Washington,/organization/symantec,Symantec,|Security|,Security,USA,CA,SF Bay Area,Mountain View,6/1/08,2008-06,2008-Q2,2008,123000000,USD,4650000
473,/organization/freewebs,Webs,|Curated Web|,Curated Web,USA,MD,"Washington, D.C.",Silver Spring,/organization/vistaprint,Vistaprint,|Publishing|Advertising|,Publishing,USA,FL,Palm Beaches,Boca Raton,12/19/11,2011-12,2011-Q4,2011,117500000,USD,12000000
11,/organization/admeld,Admeld,|Auctions|Software|Advertising|,E-Commerce,USA,NY,New York City,New York,/organization/google,Google,|Software|Video Streaming|Information Technology|Blogging Platforms|Email|Search|,Service Provider,USA,CA,SF Bay Area,Mountain View,6/1/11,2011-06,2011-Q2,2011,400000000,CAD,30000000
291,/organization/omgpop,OMGPOP,|Auctions|Online Dating|Games|,E-Commerce,USA,NY,New York City,New York,/organization/zynga,Zynga,|Technology|Facebook Applications|Networking|Games|,Technology,USA,CA,SF Bay Area,San Francisco,3/21/12,2012-03,2012-Q1,2012,210000000,USD,16600000
432,/organization/ticketsnow,TicketsNow,|Auctions|E-Commerce|,E-Commerce,USA,IL,Chicago,Rolling Meadows,/organization/ticketmaster,Ticketmaster,|Curated Web|,Curated Web,USA,CA,Los Angeles,West Hollywood,1/1/08,2008-01,2008-Q1,2008,265000000,USD,34000000
173,/organization/hautelook,HauteLook,|Flash Sales|E-Commerce|Shopping|Fashion|,E-Commerce,USA,CA,Los Angeles,Los Angeles,/organization/nordstrom,Nordstrom,|Consumer Goods|Brand Marketing|Fashion|,Fashion,USA,WA,Seattle,Seattle,2/17/11,2011-02,2011-Q1,2011,270000000,USD,41000000
341,/organization/quidsi,Quidsi,|E-Commerce|,E-Commerce,USA,NJ,Newark,Jersey City,/organization/amazon,Amazon,|Consumer Goods|Groceries|Crowdsourcing|E-Commerce|,Consumer Goods,USA,WA,Seattle,Seattle,11/8/10,2010-11,2010-Q4,2010,545000000,USD,58500000
477,/organization/where-com,Where,|E-Commerce|,E-Commerce,USA,MA,Boston,Boston,/organization/paypal,PayPal,|Payments|P2P Money Transfer|E-Commerce|Databases|Finance|,Payments,USA,CA,SF Bay Area,San Jose,1/1/11,2011-01,2011-Q1,2011,135000000,USD,27100000
478,/organization/where-com,Where,|E-Commerce|,E-Commerce,USA,MA,Boston,Boston,/organization/ebay,eBay,|Internet|Business Services|All Markets|Search|Auctions|E-Commerce|,Business Services,USA,CA,SF Bay Area,San Jose,4/1/11,2011-04,2011-Q2,2011,135000000,USD,27100000
46,/organization/auditude,Auditude,|Monetization|Video|Advertising|,E-Commerce,USA,CA,SF Bay Area,Palo Alto,/organization/adobe-systems,Adobe Systems,|Image Recognition|Design|Photo Editing|Creative|Software|,Photo Editing,USA,CA,SF Bay Area,San Jose,11/1/11,2011-11,2011-Q4,2011,120000000,USD,30426151
57,/organization/billmelater,Bill Me Later,|Payments|Credit|E-Commerce|,E-Commerce,USA,MD,Baltimore,Lutherville Timonium,/organization/ebay,eBay,|Internet|Business Services|All Markets|Search|Auctions|E-Commerce|,Business Services,USA,CA,SF Bay Area,San Jose,10/6/08,2008-10,2008-Q4,2008,945000000,USD,100000000
226,/organization/lemon,Lemon,|Shopping|Mobile|,E-Commerce,USA,CA,SF Bay Area,Palo Alto,/organization/lifelock,LifeLock,|Technology|Security|,Technology,USA,AZ,Phoenix,Tempe,12/12/13,2013-12,2013-Q4,2013,42600000,USD,8000000
88,/organization/citrus-lane,Citrus Lane,|Subscription Businesses|Kids|E-Commerce|,E-Commerce,USA,CA,SF Bay Area,Mountain View,/organization/care-com,Care.com,|Customer Service|Tutoring|Curated Web|,Customer Service,USA,MA,Boston,Waltham,7/18/14,2014-07,2014-Q3,2014,48600000,USD,5100000
204,/organization/jambool,Jambool,|E-Commerce|Internet|Facebook Applications|Social Media|Virtual Currency|Virtual Goods|Finance|,E-Commerce,USA,CA,SF Bay Area,San Francisco,/organization/google,Google,|Software|Video Streaming|Information Technology|Blogging Platforms|Email|Search|,Service Provider,USA,CA,SF Bay Area,Mountain View,8/9/10,2010-08,2010-Q3,2010,70000000,USD,6000000
163,/organization/gomez-inc,"Gomez, Inc.",|Consulting|,Enterprise Software,USA,MA,Boston,Lexington,/organization/compuware,Compuware,|Enterprise Software|Information Technology|Testing|Consulting|Services|Software|,Enterprise Software,USA,MI,Detroit,Detroit,10/10/09,2009-10,2009-Q4,2009,295000000,USD,49400000
207,/organization/jigsaw,Jigsaw,|Contact Management|Curated Web|,Enterprise Software,USA,CA,SF Bay Area,San Mateo,/organization/salesforce,Salesforce,|Software|Hardware + Software|Enterprises|Cloud Computing|,Enterprise Software,USA,CA,SF Bay Area,San Francisco,4/21/10,2010-04,2010-Q2,2010,142000000,USD,17950000
363,/organization/radian6,Salesforce Radian6,|Social Media Marketing|Social Media Monitoring|CRM|Curated Web|,Enterprise Software,CAN,NS,Fredericton,Fredericton,/organization/salesforce,Salesforce,|Software|Hardware + Software|Enterprises|Cloud Computing|,Enterprise Software,USA,CA,SF Bay Area,San Francisco,3/30/11,2011-03,2011-Q1,2011,326000000,USD,9000000
306,/organization/parature,Parature,|Customer Service|Customer Support Tools|Software|,Enterprise Software,USA,VA,"Washington, D.C.",Herndon,/organization/microsoft,Microsoft,|Video Games|Software|,Software,USA,WA,Seattle,Redmond,1/6/14,2014-01,2014-Q1,2014,100000000,USD,29500000
112,/organization/assistly,Desk,|Customer Support Tools|Tech Field Support|Customer Service|CRM|SaaS|Enterprise Software|,Enterprise Software,USA,CA,SF Bay Area,San Francisco,/organization/salesforce,Salesforce,|Software|Hardware + Software|Enterprises|Cloud Computing|,Enterprise Software,USA,CA,SF Bay Area,San Francisco,9/21/11,2011-09,2011-Q3,2011,50000000,USD,5700000
33,/organization/applimation,Applimation,|Enterprise Software|,Enterprise Software,USA,IL,Chicago,Chicago,/organization/informatica,Informatica,|Big Data Analytics|Mobile Devices|Cloud Computing|Data Integration|Software|,Mobile Devices,USA,CA,SF Bay Area,Redwood City,2/13/09,2009-02,2009-Q1,2009,40000000,USD,4000000
51,/organization/axeda,Axeda,|Enterprise Software|M2M|Software|,Enterprise Software,USA,MA,New Bedford,Foxboro,/organization/ptc,PTC,|Software|,Software,USA,MA,Boston,Needham,7/24/14,2014-07,2014-Q3,2014,170000000,USD,5000000
128,/organization/eloqua,Eloqua,|Marketing Automation|B2B|Sales and Marketing|Enterprise Software|,Enterprise Software,USA,VA,"Washington, D.C.",Vienna,/organization/oracle,Oracle Corporation,|Software|Hardware|Enterprise Software|,Enterprise Software,USA,CA,SF Bay Area,Redwood City,12/20/12,2012-12,2012-Q4,2012,871000000,USD,35800000
161,/organization/gnip,Gnip,|Enterprise Software|,Enterprise Software,USA,CO,Denver,Boulder,/organization/twitter,Twitter,|Software|SMS|MicroBlogging|Messaging|Social Media|,Software,USA,CA,SF Bay Area,San Francisco,8/11/14,2014-08,2014-Q3,2014,134000000,USD,4600000
170,/organization/guardianedge-technologies,GuardianEdge Technologies,|Enterprise Software|,Enterprise Software,USA,CA,SF Bay Area,San Mateo,/organization/symantec,Symantec,|Security|,Security,USA,CA,SF Bay Area,Mountain View,4/29/10,2010-04,2010-Q2,2010,70000000,USD,16000000
178,/organization/heroku,Heroku,|Venture Capital|Web Development|Enterprise Software|,Enterprise Software,USA,CA,SF Bay Area,San Francisco,/organization/salesforce,Salesforce,|Software|Hardware + Software|Enterprises|Cloud Computing|,Enterprise Software,USA,CA,SF Bay Area,San Francisco,12/8/10,2010-12,2010-Q4,2010,250000000,USD,13000000
183,/organization/iconclude,iConclude,|Enterprise Software|,Enterprise Software,USA,WA,Seattle,Bellevue,/organization/opsware,Opsware,|Software|,Software,USA,CA,SF Bay Area,Sunnyvale,3/7/07,2007-03,2007-Q1,2007,53000000,USD,12000000
196,/organization/integrien,Integrien,|Enterprise Software|,Enterprise Software,USA,CA,Anaheim,Irvine,/organization/vmware,VMware,|Software|,Software,USA,CA,SF Bay Area,Palo Alto,8/31/10,2010-08,2010-Q3,2010,100000000,USD,16500000
211,/organization/joulex,JouleX,|Enterprise Software|,Enterprise Software,USA,GA,Atlanta,Atlanta,/organization/cisco,Cisco,|Software|Hardware|Networking|Web Hosting|,Enterprise Software,USA,CA,SF Bay Area,San Jose,5/29/13,2013-05,2013-Q2,2013,107000000,USD,18700000
224,/organization/layer-7-technologies,Layer 7 Technologies,|Cloud Security|Enterprise Software|,Enterprise Software,USA,DC,"Washington, D.C.",Washington,/organization/ca,CA Technologies,|Software|,Software,USA,NY,Long Island,Islandia,5/10/13,2013-05,2013-Q2,2013,155000000,USD,8900000
228,/organization/lightwire,Lightwire,|Enterprise Software|,Enterprise Software,USA,CA,SF Bay Area,Santa Clara,/organization/cisco,Cisco,|Software|Hardware|Networking|Web Hosting|,Enterprise Software,USA,CA,SF Bay Area,San Jose,2/24/12,2012-02,2012-Q1,2012,271000000,USD,18000000
319,/organization/pliant-technology,Pliant Technology,|Enterprise Software|,Enterprise Software,USA,CA,SF Bay Area,Milpitas,/organization/sandisk,SanDisk,|Curated Web|,Curated Web,USA,CA,SF Bay Area,Milpitas,5/16/11,2011-05,2011-Q2,2011,327000000,USD,23000000
332,/organization/prolexic,Prolexic Technologies,|Enterprise Software|,Enterprise Software,USA,FL,Ft. Lauderdale,Hollywood,/organization/akamai-technologies,Akamai Technologies,|SaaS|IaaS|Digital Media|Video Streaming|Data Security|Content Delivery|Cloud Computing|Business Services|Enterprise Software|,Business Services,USA,MA,Boston,Cambridge,2/18/14,2014-02,2014-Q1,2014,390000000,USD,38000000
349,/organization/relateiq,RelateIQ,|Enterprise Software|,Enterprise Software,USA,CA,SF Bay Area,Palo Alto,/organization/salesforce,Salesforce,|Software|Hardware + Software|Enterprises|Cloud Computing|,Enterprise Software,USA,CA,SF Bay Area,San Francisco,7/11/14,2014-07,2014-Q3,2014,390000000,USD,69000000
364,/organization/sandforce,SandForce,|Storage|Enterprise Software|,Enterprise Software,USA,CA,SF Bay Area,Milpitas,/organization/lsi,LSI,|Semiconductors|Video|Hardware + Software|,Semiconductors,USA,CA,SF Bay Area,Milpitas,10/26/11,2011-10,2011-Q4,2011,400000000,USD,46000000
433,/organization/tier-3-2,Tier 3,|Cloud Computing|PaaS|IaaS|Enterprise Software|,Enterprise Software,USA,WA,Seattle,Bellevue,/organization/centurylink,CenturyLink,|Public Relations|,Public Relations,USA,LA,Monroe,Monroe,11/19/13,2013-11,2013-Q4,2013,200000000,USD,18500000
462,/organization/vitrue,Vitrue,|Advertising|Sales and Marketing|Social Media Marketing|Social Media Advertising|Social Media|Enterprise Software|,Enterprise Software,USA,GA,Atlanta,Atlanta,/organization/oracle,Oracle Corporation,|Software|Hardware|Enterprise Software|,Enterprise Software,USA,CA,SF Bay Area,Redwood City,5/23/12,2012-05,2012-Q2,2012,300000000,USD,30800000
469,/organization/wanova,Wanova,|Enterprise Software|,Enterprise Software,USA,CA,SF Bay Area,Campbell,/organization/vmware,VMware,|Software|,Software,USA,CA,SF Bay Area,Palo Alto,5/22/12,2012-05,2012-Q2,2012,75000000,USD,23000000
395,/organization/smarterer,Smarterer,|Human Resources|Education|Enterprise Software|,Enterprise Software,USA,MA,Boston,Boston,/organization/pluralsight,Pluralsight,|Education|,Education,USA,UT,UT - Other,Cedar Valley,11/19/14,2014-11,2014-Q4,2014,75000000,USD,1750000
67,/organization/braintree-payment-solutions,Braintree,|Accounting|Credit Cards|Billing|Payments|Software|,Finance,USA,IL,Chicago,Chicago,/organization/paypal,PayPal,|Payments|P2P Money Transfer|E-Commerce|Databases|Finance|,Payments,USA,CA,SF Bay Area,San Jose,9/26/13,2013-09,2013-Q3,2013,800000000,USD,69000000
447,/organization/trusteer,Trusteer,|Banking|Security|,Finance,USA,MA,Boston,Boston,/organization/ibm,IBM,|Software|,Software,USA,NY,New York City,Armonk,8/15/13,2013-08,2013-Q3,2013,800000000,USD,6100000
27,/organization/alverix,Alverix,|Finance|,Finance,USA,CA,SF Bay Area,San Jose,/organization/becton-dickinson,Becton Dickinson,|Biotechnology|,Biotechnology,USA,NJ,Newark,Franklin Lakes,1/7/14,2014-01,2014-Q1,2014,40000000,USD,7700000
29,/organization/andera,Andera,|Finance|,Finance,USA,RI,Providence,Providence,/organization/bottomline-technologies,Bottomline Technologies,|Software|,Software,USA,NH,Portsmouth,Portsmouth,5/8/14,2014-05,2014-Q2,2014,44500000,USD,9000000
79,/organization/cashedge,CashEdge,|Finance|,Finance,USA,NY,New York City,New York,/organization/fiserv,Fiserv,|Information Technology|,Information Technology,USA,WI,Milwaukee,Brookfield,9/14/11,2011-09,2011-Q3,2011,465000000,USD,25000000
138,/organization/extend-health,Extend Health,|Finance|,Finance,USA,UT,Salt Lake City,Salt Lake City,/organization/towers-watson,Towers Watson,|Consulting|,Consulting,USA,NY,New York City,New York,5/14/12,2012-05,2012-Q2,2012,435000000,USD,15000000
145,/organization/foliodynamix,FolioDynamix,|Finance|,Finance,USA,NY,New York City,New York,/organization/icg-group,Actua Corporation,|Venture Capital|Financial Services|Professional Services|,Professional Services,USA,PA,Philadelphia,Radnor,9/15/14,2014-09,2014-Q3,2014,199000000,USD,16000000
165,/organization/grabcad,GrabCAD,|Finance|Manufacturing|CAD|Curated Web|,Finance,USA,MA,Boston,Cambridge,/organization/stratasys,Stratasys,|3D Printing|Product Design|Manufacturing|,Product Design,USA,MN,Minneapolis,Minneapolis,9/16/14,2014-09,2014-Q3,2014,100000000,USD,12150000
260,/organization/mint,Mint,|Finance|Curated Web|,Finance,USA,CA,SF Bay Area,Mountain View,/organization/intuit,Intuit,|Computers|Software|,Computers,USA,CA,SF Bay Area,Mountain View,9/1/09,2009-09,2009-Q3,2009,170000000,USD,30700000
50,/organization/awesomeness-tv,AwesomenessTV,|Games|,Games,USA,CA,Los Angeles,Los Angeles,/organization/dreamworks-animation,DreamWorks Animation,|Entertainment|Games|,Entertainment,USA,CA,Los Angeles,Glendale,5/1/13,2013-05,2013-Q2,2013,33000000,USD,3500000
86,/organization/cie-games,Cie Games,|Games|,Games,USA,CA,"Orange County, California",Long Beach,/organization/glu-mobile,Glu Mobile,|Technology|Mobile|,Technology,USA,CA,SF Bay Area,San Francisco,7/30/14,2014-07,2014-Q3,2014,100000000,USD,3000000
152,/organization/gaikai,Gaikai,|Games|,Games,USA,CA,Anaheim,Aliso Viejo,/organization/sony,Sony Corp,|Consumer Electronics|Hardware + Software|,Consumer Electronics,USA,CA,San Diego,San Diego,7/2/12,2012-07,2012-Q3,2012,380000000,USD,45039999
222,/organization/lagoa,Lagoa,|Games|3D|Enterprise Software|,Games,CAN,QC,Montreal,Montréal,/organization/autodesk,Autodesk,|Software|,Software,USA,CA,SF Bay Area,San Rafael,11/20/14,2014-11,2014-Q4,2014,60000000,USD,5300000
246,/organization/maker-studios,Maker Studios,|Games|,Games,USA,CA,Los Angeles,Culver City,/organization/the-walt-disney-company,The Walt Disney Company,|Entertainment|Media|Games|,Games,USA,CA,Los Angeles,Burbank,3/24/14,2014-03,2014-Q1,2014,500000000,USD,63500000
317,/organization/playdom,Playdom,|Apps|Entertainment|Games|,Games,USA,CA,SF Bay Area,Palo Alto,/organization/the-walt-disney-company,The Walt Disney Company,|Entertainment|Media|Games|,Games,USA,CA,Los Angeles,Burbank,7/27/10,2010-07,2010-Q3,2010,763200000,USD,76000000
318,/organization/playspan,PlaySpan,|Game|Games|,Games,USA,CA,SF Bay Area,Santa Clara,/organization/visa,Visa,|Business Services|,Business Services,USA,CA,SF Bay Area,San Francisco,2/9/11,2011-02,2011-Q1,2011,190000000,USD,41300000
404,/organization/sometrics,Sometrics,|Virtual Currency|Advertising|Networking|Social Media|Analytics|Games|,Games,USA,CA,Los Angeles,El Segundo,/organization/americanexpress,American Express,|Finance|,Finance,USA,NY,New York City,New York,9/20/11,2011-09,2011-Q3,2011,30000000,USD,5550000
449,/organization/turbine,Turbine,|Social Games|Games|,Games,USA,CA,SF Bay Area,Redwood City,/organization/warner-bros,Warner Bros.,|Entertainment Industry|Film Production|TV Production|,Film Production,USA,CA,Los Angeles,Burbank,4/20/10,2010-04,2010-Q2,2010,160000000,USD,76600000
450,/organization/twitch,Twitch,|Social Media|Video Streaming|Video Games|Video|,Games,USA,CA,SF Bay Area,San Francisco,/organization/amazon,Amazon,|Consumer Goods|Groceries|Crowdsourcing|E-Commerce|,Consumer Goods,USA,WA,Seattle,Seattle,8/25/14,2014-08,2014-Q3,2014,970000000,USD,35000000
464,/organization/vocalocity,Vocalocity,|Communications Hardware|VoIP|Enterprise Software|,Hardware + Software,USA,GA,Atlanta,Atlanta,/organization/vonage,Vonage,|Telecommunications|Mobile|,Telecommunications,USA,NJ,Newark,Holmdel,10/10/13,2013-10,2013-Q4,2013,130000000,USD,13600000
113,/organization/dialogic,Dialogic,|Communications Infrastructure|Networking|Software|,Hardware + Software,USA,CA,SF Bay Area,San Jose,/organization/novacap,Novacap,|Investment Management|,Investment Management,CAN,QC,Montreal,Longueuil,10/12/14,2014-10,2014-Q4,2014,35300000,USD,39529815
481,/organization/widevine,Widevine Technologies,|Consumer Electronics|Internet TV|Digital Rights Management|Games|,Hardware + Software,USA,WA,Seattle,Seattle,/organization/google,Google,|Software|Video Streaming|Information Technology|Blogging Platforms|Email|Search|,Service Provider,USA,CA,SF Bay Area,Mountain View,12/16/10,2010-12,2010-Q4,2010,160000000,USD,25800000
315,/organization/pixtronix,Pixtronix,|Displays|Hardware + Software|,Hardware + Software,USA,MA,Boston,Wilmington,/organization/qualcomm,Qualcomm,|Semiconductors|,Semiconductors,USA,CA,San Diego,San Diego,12/1/11,2011-12,2011-Q4,2011,175000000,USD,3000000
266,/organization/mozy,Mozy,|Flash Storage|Web Hosting|,Hardware + Software,USA,UT,Salt Lake City,Pleasant Grove,/organization/emc,EMC,|Big Data|Infrastructure|Enterprise Software|,Big Data,USA,MA,Boston,Hopkinton,10/1/07,2007-10,2007-Q4,2007,76000000,USD,1900000
217,/organization/kiva-systems,Kiva Systems,|Hardware|Software|Shipping|Robotics|Hardware + Software|,Hardware + Software,USA,MA,Boston,North Reading,/organization/amazon,Amazon,|Consumer Goods|Groceries|Crowdsourcing|E-Commerce|,Consumer Goods,USA,WA,Seattle,Seattle,3/19/12,2012-03,2012-Q1,2012,775000000,USD,11600000
336,/organization/pure-digital-technologies,Pure Digital Technologies,|Video Streaming|Social Network Media|Video|Hardware + Software|,Hardware + Software,USA,CA,Anaheim,Irvine,/organization/cisco,Cisco,|Software|Hardware|Networking|Web Hosting|,Enterprise Software,USA,CA,SF Bay Area,San Jose,3/19/09,2009-03,2009-Q1,2009,590000000,USD,68000000
354,/organization/reva-systems,Reva Systems,|Hardware + Software|,Hardware + Software,USA,MA,Boston,Westford,/organization/odin,ODIN,|Health Care|Social Media|Software|,Health Care,USA,VA,"Washington, D.C.",Ashburn,12/14/10,2010-12,2010-Q4,2010,50000000,USD,23500000
392,/organization/slingmedia,Sling Media,|Television|Hardware + Software|,Hardware + Software,USA,CA,SF Bay Area,Foster City,/organization/echostar,EchoStar,|Hardware + Software|,Hardware + Software,USA,CO,Denver,Englewood,9/24/07,2007-09,2007-Q3,2007,380000000,USD,14500000
488,/organization/xtellus,Xtellus,|Hardware + Software|,Hardware + Software,USA,NJ,Newark,Morris Plains,/organization/oclaro,Oclaro,|Hardware + Software|,Hardware + Software,USA,CA,SF Bay Area,San Jose,12/18/09,2009-12,2009-Q4,2009,33000000,USD,8000000
60,/organization/bladelogic,BladeLogic,|Infrastructure|Software|,Hardware + Software,USA,TX,Houston,Houston,/organization/bmc-software,BMC Software,|Software|,Software,USA,TX,Houston,Houston,3/17/08,2008-03,2008-Q1,2008,800000000,USD,7000000
411,/organization/storwize,Storwize,|Storage|,Hardware + Software,USA,MA,Boston,Marlborough,/organization/ibm,IBM,|Software|,Software,USA,NY,New York City,Armonk,6/14/10,2010-06,2010-Q2,2010,140000000,USD,28000000
479,/organization/whiptail,WhipTail,|Storage|Enterprise Software|,Hardware + Software,USA,NJ,Newark,Whippany,/organization/cisco,Cisco,|Software|Hardware|Networking|Web Hosting|,Enterprise Software,USA,CA,SF Bay Area,San Jose,9/11/13,2013-09,2013-Q3,2013,415000000,USD,31000000
77,/organization/caring-com,Caring.com,|Baby Boomers|Elder Care|Senior Health|Local Based Services|Media|,Health Care,USA,CA,SF Bay Area,San Mateo,/organization/bankrate,Bankrate,|Business Services|Curated Web|,Business Services,USA,FL,Palm Beaches,North Palm Beach,5/8/14,2014-05,2014-Q2,2014,54000000,USD,23519998
53,/organization/basis-science,Basis Science,|Fitness|Health and Wellness|,Health Care,USA,CA,SF Bay Area,San Francisco,/organization/intel,Intel,|Hardware + Software|,Hardware + Software,USA,CA,SF Bay Area,Santa Clara,3/4/14,2014-03,2014-Q1,2014,100000000,USD,43500000
174,/organization/healthdatainsights,HealthDataInsights,|Health and Wellness|,Health Care,USA,NV,Las Vegas,Las Vegas,/organization/hms-holdings,HMS Holdings,|Enterprise Software|,Enterprise Software,USA,NY,New York City,New York,11/8/11,2011-11,2011-Q4,2011,400000000,USD,13200000
36,/organization/ardian-inc,Ardian,|Health Care|,Health Care,USA,CA,SF Bay Area,Mountain View,/organization/medtronic,Medtronic,|Medical Devices|Biotechnology|,Medical Devices,USA,MN,Minneapolis,Minneapolis,1/13/11,2011-01,2011-Q1,2011,800000000,USD,64080000
42,/organization/atheromed,AtheroMed,|Health Care|,Health Care,USA,CA,SF Bay Area,Menlo Park,/organization/volcano-corporation,Volcano Corporation,|Biotechnology|,Biotechnology,USA,CA,San Diego,San Diego,5/27/14,2014-05,2014-Q2,2014,117000000,USD,4479482
87,/organization/circulite,CircuLite,|Health Care|,Health Care,USA,NJ,Newark,Teaneck,/organization/heartware-international,HeartWare International,|Hardware + Software|,Hardware + Software,USA,MA,Boston,Framingham,12/2/13,2013-12,2013-Q4,2013,30000000,USD,62500000
99,/organization/corventis,Corventis,|Health Care Information Technology|Health Care|Health and Wellness|Medical Devices|,Health Care,USA,CA,SF Bay Area,San Jose,/organization/medtronic,Medtronic,|Medical Devices|Biotechnology|,Medical Devices,USA,MN,Minneapolis,Minneapolis,5/20/14,2014-05,2014-Q2,2014,150000000,USD,10000006
133,/organization/estech,Estech,|Health Care|,Health Care,USA,CA,SF Bay Area,San Ramon,/organization/atricure,AtriCure,|Medical Devices|,Medical Devices,USA,OH,Cincinnati,West Chester,12/19/13,2013-12,2013-Q4,2013,60000000,USD,27800000
134,/organization/evalve,Evalve,|Health Care|,Health Care,USA,CA,SF Bay Area,Menlo Park,/organization/abbott,Abbott Labs,|Health and Wellness|Venture Capital|Medical|Biotechnology|,Health and Wellness,USA,IL,Chicago,Des Plaines,9/11/09,2009-09,2009-Q3,2009,410000000,USD,60000000
175,/organization/healthpocket,HealthPocket,|Health Care|Curated Web|,Health Care,USA,CA,SF Bay Area,Sunnyvale,/organization/health-insurance-innovations,"Health Insurance Innovations,",|Finance|,Finance,USA,FL,Tampa,Tampa,7/15/14,2014-07,2014-Q3,2014,32000000,USD,2000000
198,/organization/interlace-medical,Interlace Medical,|Health Care|,Health Care,USA,MA,Boston,Framingham,/organization/hologic,Hologic,|Biotechnology|,Biotechnology,USA,MA,Boston,Bedford,1/7/11,2011-01,2011-Q1,2011,125000000,USD,20000000
251,/organization/medserve,MedServe,|Health Care|,Health Care,USA,TX,Houston,Bellaire,/organization/stericycle,Stericycle,|Biotechnology|,Biotechnology,USA,IL,Chicago,Lake Forest,5/15/09,2009-05,2009-Q2,2009,185000000,USD,8000000
309,/organization/peak-surgical,PEAK Surgical,|Health Care|,Health Care,USA,CA,SF Bay Area,Palo Alto,/organization/medtronic,Medtronic,|Medical Devices|Biotechnology|,Medical Devices,USA,MN,Minneapolis,Minneapolis,7/7/11,2011-07,2011-Q3,2011,120000000,USD,29000000
330,/organization/primaeva-medical,Primaeva Medical,|Health Care|,Health Care,USA,CA,SF Bay Area,Pleasanton,/organization/syneron-medical,Syneron Medical,|Biotechnology|,Biotechnology,USA,CA,Anaheim,Irvine,10/15/09,2009-10,2009-Q4,2009,30000000,USD,14250000
454,/organization/vessix-vascular,Vessix Vascular,|Health Care|,Health Care,USA,CA,Los Angeles,Laguna Hills,/organization/boston-scientific,Boston Scientific,|Life Sciences|Medical|Technology|Business Services|,Business Services,USA,MA,Boston,Natick,11/1/12,2012-11,2012-Q4,2012,300000000,USD,23000000
460,/organization/visiogen,Visiogen,|Health Care|,Health Care,USA,CA,Anaheim,Irvine,/organization/abbott,Abbott Labs,|Health and Wellness|Venture Capital|Medical|Biotechnology|,Health and Wellness,USA,IL,Chicago,Des Plaines,9/3/09,2009-09,2009-Q3,2009,400000000,USD,40000000
80,/organization/caviar,Caviar,|Hospitality|Curated Web|,Health Care,USA,CA,SF Bay Area,San Francisco,/organization/square,Square,|Hardware + Software|Finance|Analytics|P2P Money Transfer|Mobile Payments|Mobile|,P2P Money Transfer,USA,CA,SF Bay Area,San Francisco,8/4/14,2014-08,2014-Q3,2014,90000000,USD,13000000
83,/organization/change-healthcare,Change Healthcare,|Healthcare Services|Hospitals|Education|Health Care|,Health Care,USA,TN,Nashville,Brentwood,/organization/emdeon,Emdeon,|Payments|Enterprise Software|,Payments,USA,TN,Nashville,Nashville,11/19/14,2014-11,2014-Q4,2014,135000000,USD,25300000
7,/organization/adconion-media-group,Adconion Media Group,|Entertainment|Ad Targeting|Advertising|,Media,USA,CA,Los Angeles,Santa Monica,/organization/amobee,Amobee,|Advertising|,Advertising,USA,CA,SF Bay Area,Redwood City,6/10/14,2014-06,2014-Q2,2014,235000000,USD,80000000
52,/organization/babble,Babble,|Media|Parenting|News|,Media,USA,NY,New York City,New York,/organization/the-walt-disney-company,The Walt Disney Company,|Entertainment|Media|Games|,Games,USA,CA,Los Angeles,Burbank,11/14/11,2011-11,2011-Q4,2011,40000000,USD,6250000
342,/organization/quigo,Quigo,|Media|Advertising|,Media,USA,NY,New York City,New York,/organization/aol,AOL,|Advertising Platforms|Content Creators|Digital Media|News|,Service Provider,USA,NY,New York City,New York,11/7/07,2007-11,2007-Q4,2007,363000000,USD,5000000
111,/organization/dapper,Dapper,|Music|Web Tools|Advertising|,Media,USA,CA,SF Bay Area,San Francisco,/organization/yahoo,Yahoo!,|Photography|Email|Portals|Search|Curated Web|,Service Provider,USA,CA,SF Bay Area,Sunnyvale,10/5/10,2010-10,2010-Q4,2010,55000000,USD,3000000
167,/organization/gracenote,Gracenote,|Music|Games|,Media,USA,CA,SF Bay Area,Emeryville,/organization/sony,Sony Corp,|Consumer Electronics|Hardware + Software|,Consumer Electronics,USA,CA,San Diego,San Diego,4/22/08,2008-04,2008-Q2,2008,260000000,USD,33400000
223,/organization/lala,Lala,|Music|,Media,USA,CA,SF Bay Area,Palo Alto,/organization/apple,Apple,|Computers|Consumer Electronics|Hardware + Software|,Hardware + Software,USA,CA,SF Bay Area,Cupertino,12/5/09,2009-12,2009-Q4,2009,80000000,USD,35100000
344,/organization/qwiki,Qwiki,|Photography|,Media,USA,NY,New York City,New York,/organization/yahoo,Yahoo!,|Photography|Email|Portals|Search|Curated Web|,Service Provider,USA,CA,SF Bay Area,Sunnyvale,7/2/13,2013-07,2013-Q3,2013,50000000,USD,8000000
390,/organization/slide,Slide,|Software|Social Network Media|Photography|Web Tools|Public Relations|,Media,USA,CA,SF Bay Area,San Francisco,/organization/google,Google,|Software|Video Streaming|Information Technology|Blogging Platforms|Email|Search|,Service Provider,USA,CA,SF Bay Area,Mountain View,8/6/10,2010-08,2010-Q3,2010,182000000,USD,78000000
429,/organization/huffingtonpost,The Huffington Post,|Publishing|Media|News|,Media,USA,NY,New York City,New York,/organization/aol,AOL,|Advertising Platforms|Content Creators|Digital Media|News|,Service Provider,USA,NY,New York City,New York,2/7/11,2011-02,2011-Q1,2011,315000000,USD,35000000
84,/organization/pageonce,Check,|Sports|Mobile|,Media,USA,CA,SF Bay Area,Palo Alto,/organization/intuit,Intuit,|Computers|Software|,Computers,USA,CA,SF Bay Area,Mountain View,5/27/14,2014-05,2014-Q2,2014,360000000,USD,30500000
6,/organization/adap-tv,Adap.tv,|Auctions|Television|Video|Advertising|,Media,USA,CA,SF Bay Area,San Mateo,/organization/aol,AOL,|Advertising Platforms|Content Creators|Digital Media|News|,Service Provider,USA,NY,New York City,New York,8/7/13,2013-08,2013-Q3,2013,405000000,USD,43000000
5,/organization/acompli-inc,Acompli,|Consumer Internet|Mobile Security|Android|iOS|SaaS|Mobile|Email|Enterprise Software|,Mobile,USA,CA,SF Bay Area,San Francisco,/organization/microsoft,Microsoft,|Video Games|Software|,Software,USA,WA,Seattle,Redmond,12/1/14,2014-12,2014-Q4,2014,200000000,USD,7300000
250,/organization/mapmyfitness,MapMyFitness,|Sports|Android|iPhone|Fitness|Health and Wellness|,Mobile,USA,CO,Denver,Denver,/organization/under-armour,Under Armour,|Sporting Goods|E-Commerce|,Sporting Goods,USA,MD,Baltimore,Baltimore,11/14/13,2013-11,2013-Q4,2013,150000000,USD,19000000
307,/organization/parse,Parse,|PaaS|Cloud Computing|Android|iOS|Mobile|Enterprise Software|,Mobile,USA,CA,SF Bay Area,Menlo Park,/organization/facebook,Facebook,|Communities|Identity|All Students|Colleges|Facebook Applications|Social Media|,Social Media,USA,CA,SF Bay Area,Menlo Park,4/25/13,2013-04,2013-Q2,2013,90000000,USD,5500000
335,/organization/pulse,Pulse,|iPhone|News|,Mobile,USA,CA,SF Bay Area,San Francisco,/organization/linkedin,LinkedIn,|Social Recruiting|Software|Networking|Social Media|,Software,USA,CA,SF Bay Area,Mountain View,4/13/13,2013-04,2013-Q2,2013,90000000,USD,9000000
18,/organization/aicent,Aicent,|Mobile|,Mobile,USA,CA,SF Bay Area,San Jose,/organization/syniverse-technologies,Syniverse,|Mobile|Public Relations|,Mobile,USA,FL,Tampa,Tampa,5/13/14,2014-05,2014-Q2,2014,290000000,USD,17300000
44,/organization/atrua,Atrua Technologies,|Mobile|,Mobile,USA,CA,SF Bay Area,Campbell,/organization/authentec,AuthenTec,|Information Security|Semiconductors|,Information Security,USA,FL,Florida's Space Coast,Melbourne Beach,7/14/09,2009-07,2009-Q3,2009,600000000,USD,13000000
47,/organization/avaak,Avaak,|Electronics|Mobile|,Mobile,USA,CA,San Diego,San Diego,/organization/netgear-inc,NETGEAR,|Telecommunications|Hardware + Software|,Telecommunications,USA,CA,SF Bay Area,San Jose,7/26/12,2012-07,2012-Q3,2012,31000000,USD,17000000
73,/organization/bump-technologies,Bump Technologies,|Mobile|,Mobile,USA,CA,SF Bay Area,Mountain View,/organization/google,Google,|Software|Video Streaming|Information Technology|Blogging Platforms|Email|Search|,Service Provider,USA,CA,SF Bay Area,Mountain View,12/31/13,2013-12,2013-Q4,2013,30000000,USD,19900000
103,/organization/crashlytics,Crashlytics,|Mobile|,Mobile,USA,MA,Boston,Cambridge,/organization/twitter,Twitter,|Software|SMS|MicroBlogging|Messaging|Social Media|,Software,USA,CA,SF Bay Area,San Francisco,1/28/13,2013-01,2013-Q1,2013,100000000,USD,5000000
144,/organization/flurry,Flurry,|Mobile|Advertising|,Mobile,USA,CA,SF Bay Area,San Francisco,/organization/yahoo,Yahoo!,|Photography|Email|Portals|Search|Curated Web|,Service Provider,USA,CA,SF Bay Area,Sunnyvale,7/21/14,2014-07,2014-Q3,2014,200000000,USD,63000000
168,/organization/grandcentral,GrandCentral,|VoIP|Telephony|Mobile|,Mobile,USA,CA,SF Bay Area,Fremont,/organization/google,Google,|Software|Video Streaming|Information Technology|Blogging Platforms|Email|Search|,Service Provider,USA,CA,SF Bay Area,Mountain View,7/1/07,2007-07,2007-Q3,2007,60000000,USD,4000000
172,/organization/hands-on-mobile,Hands-On Mobile,|Games|Mobile|,Mobile,USA,CA,SF Bay Area,San Francisco,/organization/electronicarts,Electronic Arts,|Entertainment|Games|,Entertainment,USA,CA,SF Bay Area,Redwood City,2/18/09,2009-02,2009-Q1,2009,30000000,USD,30000000
263,/organization/mobileaccess-networks,MobileAccess Networks,|Mobile|,Mobile,USA,VA,"Washington, D.C.",Vienna,/organization/corning,Corning,|Utilities|Manufacturing|,Utilities,USA,NY,Elmira,Corning,1/31/11,2011-01,2011-Q1,2011,200000000,USD,24000000
264,/organization/mobilespaces,MobileSpaces,|Cloud Computing|Enterprises|Mobile Devices|Security|Mobile|,Mobile,USA,MD,"Washington, D.C.",Silver Spring,/organization/pulse-secure,Pulse Secure,|Mobile Security|Networking|Business Services|,Networking,USA,CA,SF Bay Area,San Jose,10/5/14,2014-10,2014-Q4,2014,100000000,USD,11600000
293,/organization/onavo,Onavo,|Mobile|,Mobile,USA,CA,SF Bay Area,Palo Alto,/organization/facebook,Facebook,|Communities|Identity|All Students|Colleges|Facebook Applications|Social Media|,Social Media,USA,CA,SF Bay Area,Menlo Park,10/14/13,2013-10,2013-Q4,2013,150000000,USD,13000000
422,/organization/tapcommerce,TapCommerce,|Mobile|,Mobile,USA,NY,New York City,New York,/organization/twitter,Twitter,|Software|SMS|MicroBlogging|Messaging|Social Media|,Software,USA,CA,SF Bay Area,San Francisco,6/30/14,2014-06,2014-Q2,2014,100000000,USD,10500000
425,/organization/telecommunication-systems,TeleCommunication Systems,|Mobile|,Mobile,USA,MD,Baltimore,Annapolis,/organization/networks-in-motion,Networks in Motion,|Wireless|Navigation|Maps|SEO|Mobile|,Navigation,USA,CA,Anaheim,Aliso Viejo,12/15/09,2009-12,2009-Q4,2009,181000000,USD,15000000
426,/organization/tellme,Tellme,|Mobile|,Mobile,USA,CA,SF Bay Area,Mountain View,/organization/microsoft,Microsoft,|Video Games|Software|,Software,USA,WA,Seattle,Redmond,3/14/07,2007-03,2007-Q1,2007,800000000,USD,6000000
484,/organization/worklight,Worklight,|Mobile|,Mobile,USA,NY,New York City,New York,/organization/ibm,IBM,|Software|,Software,USA,NY,New York City,Armonk,1/31/12,2012-01,2012-Q1,2012,70000000,USD,17100000
265,/organization/mopub,MoPub,|Mobile Advertising|Advertising|Mobile|,Mobile,USA,CA,SF Bay Area,San Francisco,/organization/twitter,Twitter,|Software|SMS|MicroBlogging|Messaging|Social Media|,Software,USA,CA,SF Bay Area,San Francisco,9/9/13,2013-09,2013-Q3,2013,350000000,USD,18500000
282,/organization/nexage,NEXAGE,|Mobile Advertising|Advertising|Mobile|,Mobile,USA,MA,Boston,Boston,/organization/millennial-media,Millennial Media,|App Marketing|Mobile Advertising|Mobile|Advertising|,Advertising,USA,MD,Baltimore,Baltimore,9/23/14,2014-09,2014-Q3,2014,107500000,USD,19000000
1,/organization/41st-parameter,41st Parameter,|Security|,Security,USA,CA,SF Bay Area,San Jose,/organization/experian,Experian,|Credit|Curated Web|,Curated Web,USA,CA,Anaheim,Costa Mesa,10/1/13,2013-10,2013-Q4,2013,324000000,USD,34270000
4,/organization/accertify,Accertify,|Fraud Detection|Credit Cards|Security|,Security,USA,IL,Chicago,Itasca,/organization/americanexpress,American Express,|Finance|,Finance,USA,NY,New York City,New York,11/1/10,2010-11,2010-Q4,2010,150000000,USD,6431124
26,/organization/altor-networks,Altor Networks,|Security|,Security,USA,CA,SF Bay Area,Redwood City,/organization/juniper-networks,Juniper Networks,|Communications Hardware|Technology|Security|,Communications Hardware,USA,CA,SF Bay Area,Sunnyvale,12/6/10,2010-12,2010-Q4,2010,95000000,USD,16000000
68,/organization/breakingpoint-systems,BreakingPoint Systems,|Security|,Security,USA,TX,Austin,Austin,/organization/ixia,IXIA,|Web Hosting|,Web Hosting,USA,CA,Los Angeles,Calabasas,7/2/12,2012-07,2012-Q3,2012,160000000,USD,15000000
148,/organization/fraud-sciences,Fraud Sciences,|Security|,Security,USA,CA,SF Bay Area,Palo Alto,/organization/paypal,PayPal,|Payments|P2P Money Transfer|E-Commerce|Databases|Finance|,Payments,USA,CA,SF Bay Area,San Jose,1/28/08,2008-01,2008-Q1,2008,169000000,USD,11000000
201,/organization/ironport,IronPort Systems,|Security|,Security,USA,CA,SF Bay Area,San Bruno,/organization/cisco,Cisco,|Software|Hardware|Networking|Web Hosting|,Enterprise Software,USA,CA,SF Bay Area,San Jose,1/4/07,2007-01,2007-Q1,2007,830000000,USD,61500000
233,/organization/location-labs,Location Labs,|Location Based Services|Security|Mobile|,Security,USA,CA,SF Bay Area,Emeryville,/organization/avg,AVG Technologies,|Software|Security|,Software,USA,MA,Boston,Chelmsford,9/3/14,2014-09,2014-Q3,2014,220000000,USD,25800000
236,/organization/loglogic,LogLogic,|Security|,Security,USA,CA,SF Bay Area,San Jose,/organization/tibco-software-inc,TIBCO Software,|Enterprise Software|Software|,Enterprise Software,USA,CA,SF Bay Area,Palo Alto,4/3/12,2012-04,2012-Q2,2012,130000000,USD,8800000
268,/organization/mx-logic,MX Logic,|Security|,Security,USA,CO,Denver,Englewood,/organization/mcafee,McAfee,|Security|,Security,USA,CA,SF Bay Area,Santa Clara,7/30/09,2009-07,2009-Q3,2009,140000000,USD,4000000
361,/organization/safetyweb,SafetyWeb,|Security|Privacy|Enterprise Software|,Security,USA,CO,Denver,Denver,/organization/experian,Experian,|Credit|Curated Web|,Curated Web,USA,CA,Anaheim,Costa Mesa,5/1/11,2011-05,2011-Q2,2011,30000000,USD,8000000
446,/organization/trustedid,TrustedID,|Security|,Security,USA,CA,SF Bay Area,Palo Alto,/organization/equifax,Equifax,|Consulting|,Consulting,USA,GA,Atlanta,Atlanta,7/8/13,2013-07,2013-Q3,2013,30000000,USD,25000000
56,/organization/beceem,Beceem Communications,|Semiconductors|,Semiconductors,USA,CA,SF Bay Area,Santa Clara,/organization/broadcom,Broadcom,|Semiconductors|Mobile|,Semiconductors,USA,CA,Anaheim,Irvine,10/13/10,2010-10,2010-Q4,2010,316000000,USD,49600000
85,/organization/chil-semiconductor,CHiL Semiconductor,|Semiconductors|,Semiconductors,USA,CA,Los Angeles,El Segundo,/organization/international-rectifier,International Rectifier,|Semiconductors|,Semiconductors,USA,CA,Los Angeles,El Segundo,2/28/11,2011-02,2011-Q1,2011,75000000,USD,21700000
121,/organization/dunenetworks,DuneNetworks,|Semiconductors|,Semiconductors,USA,CA,SF Bay Area,Sunnyvale,/organization/broadcom,Broadcom,|Semiconductors|Mobile|,Semiconductors,USA,CA,Anaheim,Irvine,11/30/09,2009-11,2009-Q4,2009,178000000,USD,12000000
158,/organization/global-locate,Global Locate,|Semiconductors|,Semiconductors,USA,CA,SF Bay Area,San Jose,/organization/broadcom,Broadcom,|Semiconductors|Mobile|,Semiconductors,USA,CA,Anaheim,Irvine,7/12/07,2007-07,2007-Q3,2007,143000000,USD,33000000
334,/organization/provigent-inc,Provigent,|Semiconductors|,Semiconductors,USA,CA,SF Bay Area,Santa Clara,/organization/broadcom,Broadcom,|Semiconductors|Mobile|,Semiconductors,USA,CA,Anaheim,Irvine,3/21/11,2011-03,2011-Q1,2011,314000000,USD,27000000
377,/organization/sierra-design-automation,Sierra Design Automation,|Semiconductors|,Semiconductors,USA,CA,SF Bay Area,Santa Clara,/organization/mentor-graphics,Mentor Graphics,|Software|,Software,USA,OR,"Portland, Oregon",Wilsonville,6/11/07,2007-06,2007-Q2,2007,100000000,USD,19000000
381,/organization/siliconblue-technologies,SiliconBlue Technologies,|Semiconductors|,Semiconductors,USA,CA,SF Bay Area,Santa Clara,/organization/lattice-semiconductor,Lattice Semiconductor,|Semiconductors|,Semiconductors,USA,OR,"Portland, Oregon",Hillsboro,12/8/11,2011-12,2011-Q4,2011,62000000,USD,57005567
424,/organization/teknovus,Teknovus,|Semiconductors|,Semiconductors,USA,CA,Napa Valley,Petaluma,/organization/broadcom,Broadcom,|Semiconductors|Mobile|,Semiconductors,USA,CA,Anaheim,Irvine,3/8/10,2010-03,2010-Q1,2010,123000000,USD,57000000
427,/organization/teranetics,Teranetics,|Semiconductors|,Semiconductors,USA,CA,SF Bay Area,San Jose,/organization/plx-technology,PLX Technology,|Semiconductors|,Semiconductors,USA,CA,SF Bay Area,Sunnyvale,9/27/10,2010-09,2010-Q3,2010,35800000,USD,20000000
452,/organization/vativ-technologies,Vativ Technologies,|Semiconductors|,Semiconductors,USA,CA,San Diego,San Diego,/organization/entropic-communications,Entropic Communications,|Semiconductors|,Semiconductors,USA,CA,San Diego,San Diego,4/4/08,2008-04,2008-Q2,2008,43780000,USD,11000000
3,/organization/aardvark,Aardvark,|Search|,Service Provider,USA,CA,SF Bay Area,San Francisco,/organization/google,Google,|Software|Video Streaming|Information Technology|Blogging Platforms|Email|Search|,Service Provider,USA,CA,SF Bay Area,Mountain View,2/11/10,2010-02,2010-Q1,2010,50000000,USD,5250000
63,/organization/bluefin-labs,Bluefin Labs,|Search|Video|Social Television|Analytics|,Service Provider,USA,MA,Boston,Cambridge,/organization/twitter,Twitter,|Software|SMS|MicroBlogging|Messaging|Social Media|,Software,USA,CA,SF Bay Area,San Francisco,2/4/13,2013-02,2013-Q1,2013,80000000,USD,18000000
328,/organization/powerset,Powerset,|Search|,Service Provider,USA,CA,SF Bay Area,San Francisco,/organization/microsoft,Microsoft,|Video Games|Software|,Software,USA,WA,Seattle,Redmond,7/1/08,2008-07,2008-Q3,2008,100000000,USD,14500000
443,/organization/trovix,Trovix,|Search|Consulting|,Service Provider,USA,CA,SF Bay Area,Mountain View,/organization/monster,Monster,|Employment|Search|,Employment,USA,NY,New York City,New York,7/31/08,2008-07,2008-Q3,2008,72500000,USD,18250000
255,/organization/messageme,MessageMe,|Chat|Mobile|Messaging|,Social Media,USA,CA,SF Bay Area,San Francisco,/organization/yahoo,Yahoo!,|Photography|Email|Portals|Search|Curated Web|,Service Provider,USA,CA,SF Bay Area,Sunnyvale,10/6/14,2014-10,2014-Q4,2014,30000000,USD,10000000
466,/organization/vovici,Vovici,|Communities|Enterprise Software|,Social Media,USA,VA,"Washington, D.C.",Dulles,/organization/verint,Verint Systems,|Technology|Software|,Technology,USA,NY,Long Island,Melville,7/19/11,2011-07,2011-Q3,2011,56500000,USD,16300000
256,/organization/messageone,MessageOne,|Messaging|,Social Media,USA,TX,Austin,Austin,/organization/dell,Dell,|Hardware + Software|,Hardware + Software,USA,TX,Austin,Round Rock,2/13/08,2008-02,2008-Q1,2008,155000000,USD,10000000
324,/organization/postpath,PostPath,|Messaging|,Social Media,USA,CA,SF Bay Area,Mountain View,/organization/cisco,Cisco,|Software|Hardware|Networking|Web Hosting|,Enterprise Software,USA,CA,SF Bay Area,San Jose,8/27/08,2008-08,2008-Q3,2008,215000000,USD,24300000
171,/organization/guardium,Guardium,|Networking|Hardware + Software|Databases|Security|,Social Media,USA,MA,Boston,Waltham,/organization/ibm,IBM,|Software|,Software,USA,NY,New York City,Armonk,11/30/09,2009-11,2009-Q4,2009,225000000,USD,11800000
237,/organization/loopt,Loopt,|Location Based Services|Networking|Mobile|,Social Media,USA,CA,SF Bay Area,Mountain View,/organization/green-dot-corporation,Green Dot Corporation,|Finance|,Finance,USA,CA,Los Angeles,Pasadena,3/9/12,2012-03,2012-Q1,2012,43000000,USD,32000000
150,/organization/friendfeed,FriendFeed,|Social Network Media|Social Media|,Social Media,USA,CA,SF Bay Area,Mountain View,/organization/facebook,Facebook,|Communities|Identity|All Students|Colleges|Facebook Applications|Social Media|,Social Media,USA,CA,SF Bay Area,Menlo Park,8/10/09,2009-08,2009-Q3,2009,47500000,USD,5000000
206,/organization/jellyfish,jellyfish,|Social Media|,Social Media,USA,WI,Madison,Middleton,/organization/microsoft,Microsoft,|Video Games|Software|,Software,USA,WA,Seattle,Redmond,10/3/07,2007-10,2007-Q4,2007,50000000,USD,5000000
219,/organization/klout,Klout,|Analytics|Social Media|,Social Media,USA,CA,SF Bay Area,San Francisco,/organization/lithiumtechnologies,Lithium Technologies,|Social CRM|Software|,Software,USA,CA,SF Bay Area,San Francisco,3/26/14,2014-03,2014-Q1,2014,200000000,USD,40000000
261,/organization/miyowa,Miyowa,|Social Media|,Social Media,USA,CA,SF Bay Area,San Francisco,/organization/synchronoss-technologies,Synchronoss Technologies,|Technology|Software|,Technology,USA,NJ,Newark,Bridgewater,1/5/12,2012-01,2012-Q1,2012,59000000,USD,11725600
441,/organization/tripit,TripIt,|Social Media|Travel|,Social Media,USA,CA,SF Bay Area,San Francisco,/organization/concur-technologies,Concur Technologies,|Technology|Cloud Management|Travel|Software|,Travel,USA,WA,Seattle,Redmond,1/13/11,2011-01,2011-Q1,2011,120000000,USD,12100000
483,/organization/wildfire-interactive,"Wildfire, a division of Google",|Advertising|Sales and Marketing|Social Media|Enterprise Software|,Social Media,USA,CA,SF Bay Area,Redwood City,/organization/google,Google,|Software|Video Streaming|Information Technology|Blogging Platforms|Email|Search|,Service Provider,USA,CA,SF Bay Area,Mountain View,7/31/12,2012-07,2012-Q3,2012,350000000,USD,14000000
55,/organization/bebo,Bebo,|Social Network Media|Social Media|,Social Media,USA,CA,SF Bay Area,San Francisco,/organization/aol,AOL,|Advertising Platforms|Content Creators|Digital Media|News|,Service Provider,USA,NY,New York City,New York,3/13/08,2008-03,2008-Q1,2008,850000000,USD,15000000
362,/organization/buddymedia,Salesforce Buddy Media,|Social Network Media|Social Media Marketing|Apps|SaaS|Software|Media|Social Media|Facebook Applications|Enterprise Software|,Social Media,USA,NY,New York City,New York,/organization/salesforce,Salesforce,|Software|Hardware + Software|Enterprises|Cloud Computing|,Enterprise Software,USA,CA,SF Bay Area,San Francisco,6/4/12,2012-06,2012-Q2,2012,689000000,USD,85000000
436,/organization/topsy-labs,Topsy Labs,|Twitter Applications|Social Media|Real Time|Search|Analytics|,Social Media,USA,CA,SF Bay Area,San Francisco,/organization/apple,Apple,|Computers|Consumer Electronics|Hardware + Software|,Hardware + Software,USA,CA,SF Bay Area,Cupertino,12/2/13,2013-12,2013-Q4,2013,200000000,USD,26900000
389,/organization/skybox-imaging,Skybox Imaging,|Aerospace|Big Data|,Software,USA,CA,SF Bay Area,Mountain View,/organization/google,Google,|Software|Video Streaming|Information Technology|Blogging Platforms|Email|Search|,Service Provider,USA,CA,SF Bay Area,Mountain View,6/10/14,2014-06,2014-Q2,2014,500000000,USD,91000000
359,/organization/rockmelt,Rockmelt,|Facebook Applications|Browser Extensions|Social Media|,Software,USA,CA,SF Bay Area,Mountain View,/organization/yahoo,Yahoo!,|Photography|Email|Portals|Search|Curated Web|,Service Provider,USA,CA,SF Bay Area,Sunnyvale,8/1/13,2013-08,2013-Q3,2013,65000000,USD,38200000
136,/organization/evolv-on-demand,Evolv,|Career Management|Enterprise Software|Analytics|,Software,USA,CA,SF Bay Area,San Francisco,/organization/cornerstone-ondemand,Cornerstone OnDemand,|Enterprises|Career Management|Software|,Career Management,USA,CA,Los Angeles,Santa Monica,10/7/14,2014-10,2014-Q4,2014,44500000,USD,34250000
214,/organization/kapow-technologies,Kapow Software,|Enterprise Software|Data Integration|Big Data|Software|,Software,USA,CA,SF Bay Area,Palo Alto,/organization/kofax,Kofax,|Software|,Software,USA,CA,Anaheim,Irvine,7/31/13,2013-07,2013-Q3,2013,47500000,USD,18243770
232,/organization/liveramp,LiveRamp,|Advertising|Data Integration|Brand Marketing|,Software,USA,CA,SF Bay Area,San Francisco,/organization/acxiom,Acxiom,|Data Privacy|Data Security|Databases|Analytics|Direct Marketing|Email Marketing|Advertising|Big Data|Software|,Analytics,USA,AR,Little Rock,Little Rock,5/15/14,2014-05,2014-Q2,2014,310000000,USD,15000000
345,/organization/reconnex,Reconnex,|Data Security|Security|,Software,USA,CA,SF Bay Area,Mountain View,/organization/mcafee,McAfee,|Security|,Security,USA,CA,SF Bay Area,Santa Clara,7/7/08,2008-07,2008-Q3,2008,46000000,USD,16000000
235,/organization/locu,Locu,|Restaurants|Developer APIs|Local|Content|Local Search|Databases|Advertising|,Software,USA,MA,Boston,Cambridge,/organization/godaddy,GoDaddy,|Sales and Marketing|Customer Service|Data Security|E-Commerce|Web Development|Web Hosting|Domains|,E-Commerce,USA,AZ,Phoenix,Scottsdale,8/19/13,2013-08,2013-Q3,2013,70000000,USD,4000000
272,/organization/mysql,MySQL,|Lighting|Open Source|Databases|Enterprise Software|,Software,USA,CA,SF Bay Area,Cupertino,/organization/sun-microsystems,Sun Microsystems,|Software|Hardware|Computers|Enterprise Software|,Enterprise Software,USA,CA,SF Bay Area,Santa Clara,1/1/08,2008-01,2008-Q1,2008,1000000000,USD,39800000
243,/organization/m-metrics,M:Metrics,|Demographies|Test and Measurement|Mobile|,Software,USA,WA,Seattle,Seattle,/organization/comscore,comScore,|Business Services|Curated Web|,Business Services,USA,VA,"Washington, D.C.",Reston,5/28/08,2008-05,2008-Q2,2008,44000000,USD,18000000
90,/organization/clearwell-systems,Clearwell Systems,|Ediscovery|Enterprise Software|,Software,USA,CA,SF Bay Area,Mountain View,/organization/symantec,Symantec,|Security|,Security,USA,CA,SF Bay Area,Mountain View,7/11/11,2011-07,2011-Q3,2011,410000000,USD,29000000
329,/organization/presidium-learning,Presidium Learning,|Education|,Software,USA,VA,"Washington, D.C.",Reston,/organization/blackboard,Blackboard,|Software|,Software,USA,DC,"Washington, D.C.",Washington,1/13/11,2011-01,2011-Q1,2011,53000000,USD,2000000
184,/organization/icontact,iContact,|Social Media Marketing|Email|Email Marketing|Email Newsletters|Surveys|Messaging|,Software,USA,NC,Raleigh,Morrisville,/organization/vocus,Vocus,|Marketing Automation|Email Marketing|Social Media Monitoring|Software|,Marketing Automation,USA,MD,"Washington, D.C.",Beltsville,2/28/12,2012-02,2012-Q1,2012,169000000,USD,45350000
231,/organization/liverail,LiveRail,|Internet Marketing|Entertainment|Enterprises|Video|Advertising|,Software,USA,CA,SF Bay Area,San Francisco,/organization/facebook,Facebook,|Communities|Identity|All Students|Colleges|Facebook Applications|Social Media|,Social Media,USA,CA,SF Bay Area,Menlo Park,7/2/14,2014-07,2014-Q3,2014,500000000,USD,11500000
445,/organization/the-trunk-club,Trunk Club,|Retail|Fashion|,Software,USA,IL,Chicago,Chicago,/organization/nordstrom,Nordstrom,|Consumer Goods|Brand Marketing|Fashion|,Fashion,USA,WA,Seattle,Seattle,7/31/14,2014-07,2014-Q3,2014,350000000,USD,11000000
382,/organization/silver-tail-systems,Silver Tail Systems,|Software|Fraud Detection|Security|Analytics|,Software,USA,CA,SF Bay Area,Menlo Park,/organization/emc,EMC,|Big Data|Infrastructure|Enterprise Software|,Big Data,USA,MA,Boston,Hopkinton,10/30/12,2012-10,2012-Q4,2012,250000000,USD,22100000
383,/organization/silversky,Silversky,|Information Technology|Network Security|Security|Software|,Software,USA,CT,Hartford,Milford,/organization/bae-systems,BAE Systems,|Transportation|Manufacturing|,Transportation,USA,MD,"Washington, D.C.",Rockville,10/21/14,2014-10,2014-Q4,2014,232500000,USD,54000000
252,/organization/meebo,Meebo,|Web Development|Social Network Media|Internet|Chat|Messaging|Curated Web|,Software,USA,CA,SF Bay Area,Mountain View,/organization/google,Google,|Software|Video Streaming|Information Technology|Blogging Platforms|Email|Search|,Service Provider,USA,CA,SF Bay Area,Mountain View,6/4/12,2012-06,2012-Q2,2012,100000000,USD,65000000
281,/organization/newsy,Newsy,|Internet|Mobile|Video|News|,Software,USA,MO,St. Louis,Columbia,/organization/e-w-scripps,E.W. Scripps,|Curated Web|,Curated Web,USA,OH,Cincinnati,Cincinnati,12/9/13,2013-12,2013-Q4,2013,35000000,USD,1500000
467,/organization/voxel-dot-net,Voxel (Internap),|Linux|Content Delivery|Web Hosting|,Software,USA,NY,New York City,New York,/organization/internap,Internap,|Video Streaming|Content Delivery|Enterprises|Games|E-Commerce|Web Hosting|SaaS|Storage|Internet|Data Centers|Software|Curated Web|,Games,USA,GA,Atlanta,Atlanta,1/3/12,2012-01,2012-Q1,2012,30000000,USD,5500000
94,/organization/concept-io,Concept.io,|Content Discovery|Personalization|Machine Learning|Mobile|,Software,USA,CA,SF Bay Area,Mountain View,/organization/apple,Apple,|Computers|Consumer Electronics|Hardware + Software|,Hardware + Software,USA,CA,SF Bay Area,Cupertino,7/28/14,2014-07,2014-Q3,2014,30000000,USD,5400000
493,/organization/zimbra,Zimbra,|Collaboration|Productivity Software|Web Development|Email|Software|,Software,USA,CA,SF Bay Area,Palo Alto,/organization/yahoo,Yahoo!,|Photography|Email|Portals|Search|Curated Web|,Service Provider,USA,CA,SF Bay Area,Sunnyvale,9/1/07,2007-09,2007-Q3,2007,350000000,USD,14500000
156,/organization/gizmofive,Gizmo5,|Public Relations|,Software,USA,CA,San Diego,San Diego,/organization/google,Google,|Software|Video Streaming|Information Technology|Blogging Platforms|Email|Search|,Service Provider,USA,CA,SF Bay Area,Mountain View,11/9/09,2009-11,2009-Q4,2009,30000000,USD,6000000
242,/organization/m5-networks,M5 Networks,|Customer Service|Contact Centers|VoIP|Public Relations|,Software,USA,NY,New York City,New York,/organization/shoretel,ShoreTel,|VoIP|Telecommunications|Hardware + Software|,VoIP,USA,CA,SF Bay Area,Sunnyvale,2/1/12,2012-02,2012-Q1,2012,146000000,USD,4125014
378,/organization/sierra-monolithics,Sierra Monolithics,|Public Relations|,Software,USA,CA,Los Angeles,Redondo Beach,/organization/semtech,Semtech,|Semiconductors|,Semiconductors,USA,CA,Santa Barbara,Camarillo,11/19/09,2009-11,2009-Q4,2009,180000000,USD,25200000
292,/organization/on2,On2 Technologies,|SaaS|Content|Video|Software|,Software,USA,NY,"Albany, New York",Clifton Park,/organization/google,Google,|Software|Video Streaming|Information Technology|Blogging Platforms|Email|Search|,Service Provider,USA,CA,SF Bay Area,Mountain View,2/19/10,2010-02,2010-Q1,2010,130000000,USD,5240000
298,/organization/optimal,"Optimal, Inc.",|SaaS|Advertising|,Software,USA,CA,SF Bay Area,San Francisco,/organization/brand-networks,Brand Networks,|Sales and Marketing|Services|Social Media|Facebook Applications|Software|,Software,USA,MA,Boston,Boston,10/16/13,2013-10,2013-Q4,2013,35000000,USD,5100000
0,/organization/170-systems,170 Systems,|Software|,Software,USA,MA,Boston,Bedford,/organization/kofax,Kofax,|Software|,Software,USA,CA,Anaheim,Irvine,9/8/09,2009-09,2009-Q3,2009,43000000,USD,14000000
45,/organization/attenex,Attenex,|Software|,Software,USA,WA,Seattle,Seattle,/organization/fti-consulting,FTI Consulting,|Consulting|,Consulting,USA,MD,Baltimore,Baltimore,7/2/08,2008-07,2008-Q3,2008,88000000,USD,5000000
72,/organization/broadlight,BroadLight,|Software|,Software,USA,CA,SF Bay Area,Santa Clara,/organization/broadcom,Broadcom,|Semiconductors|Mobile|,Semiconductors,USA,CA,Anaheim,Irvine,3/21/12,2012-03,2012-Q1,2012,230000000,USD,22000000
95,/organization/contrail-systems,Contrail Systems,|Software|,Software,USA,CA,SF Bay Area,Santa Clara,/organization/juniper-networks,Juniper Networks,|Communications Hardware|Technology|Security|,Communications Hardware,USA,CA,SF Bay Area,Sunnyvale,12/13/12,2012-12,2012-Q4,2012,176000000,USD,10000000
100,/organization/cotendo,Cotendo,|Content Delivery|Software|,Software,USA,CA,SF Bay Area,Sunnyvale,/organization/akamai-technologies,Akamai Technologies,|SaaS|IaaS|Digital Media|Video Streaming|Data Security|Content Delivery|Cloud Computing|Business Services|Enterprise Software|,Business Services,USA,MA,Boston,Cambridge,11/27/11,2011-11,2011-Q4,2011,268000000,USD,36000000
115,/organization/digital-fuel,Digital Fuel,|Software|,Software,USA,CA,SF Bay Area,San Mateo,/organization/vmware,VMware,|Software|,Software,USA,CA,SF Bay Area,Palo Alto,6/13/11,2011-06,2011-Q2,2011,85000000,USD,5000000
118,/organization/divide,Divide,|Software|,Software,USA,NY,New York City,New York,/organization/google,Google,|Software|Video Streaming|Information Technology|Blogging Platforms|Email|Search|,Service Provider,USA,CA,SF Bay Area,Mountain View,5/20/14,2014-05,2014-Q2,2014,120000000,USD,23000000
119,/organization/divx,DivX,|Video|Software|,Software,USA,CA,San Diego,San Diego,/organization/sonic-solutions,Sonic Solutions,|Software|,Software,USA,CA,SF Bay Area,Novato,6/2/10,2010-06,2010-Q2,2010,323000000,USD,35000000
123,/organization/dynatrace-software,dynaTrace software,|Apps|Software|,Software,USA,MA,Boston,Waltham,/organization/compuware,Compuware,|Enterprise Software|Information Technology|Testing|Consulting|Services|Software|,Enterprise Software,USA,MI,Detroit,Detroit,7/6/11,2011-07,2011-Q3,2011,256000000,USD,17900000
135,/organization/evolution-robotics,Evolution Robotics,|Software|,Software,USA,CA,Los Angeles,Pasadena,/organization/irobot,iRobot,|Consumer Electronics|Hardware + Software|,Consumer Electronics,USA,MA,Boston,Bedford,9/17/12,2012-09,2012-Q3,2012,74000000,USD,13880000
197,/organization/interactive-tko,Interactive TKO,|Software|,Software,USA,TX,Dallas,Dallas,/organization/ca,CA Technologies,|Software|,Software,USA,NY,Long Island,Islandia,6/29/11,2011-06,2011-Q2,2011,330000000,USD,12560000
203,/organization/itis-holdings,ITIS Holdings,|Software|,Software,USA,CT,Hartford,Cheshire,/organization/inrix,INRIX,|Crowdsourcing|Big Data|SEO|Public Transportation|,Crowdsourcing,USA,WA,Seattle,Kirkland,8/1/11,2011-08,2011-Q3,2011,37000000,GBP,10964643
205,/organization/jaspersoft,Jaspersoft,|Open Source|Analytics|Web Development|Business Intelligence|Software|,Software,USA,CA,SF Bay Area,San Francisco,/organization/tibco-software-inc,TIBCO Software,|Enterprise Software|Software|,Enterprise Software,USA,CA,SF Bay Area,Palo Alto,4/28/14,2014-04,2014-Q2,2014,185000000,USD,20000000
215,/organization/kasenna,Kasenna,|Software|,Software,USA,CA,SF Bay Area,Sunnyvale,/organization/espial-group,Espial Group,|Software|,Software,CAN,ON,Toronto,Toronto,7/10/08,2008-07,2008-Q3,2008,79910000,USD,11000000
216,/organization/kazeon,Kazeon,|Software|,Software,USA,CA,SF Bay Area,Mountain View,/organization/emc,EMC,|Big Data|Infrastructure|Enterprise Software|,Big Data,USA,MA,Boston,Hopkinton,9/2/09,2009-09,2009-Q3,2009,150000000,USD,20000000
225,/organization/lefthand-networks,Lefthand Networks,|Software|,Software,USA,CO,Denver,Boulder,/organization/hewlett-packard,Hewlett-Packard,|Information Technology|Curated Web|,Hardware + Software,USA,CA,SF Bay Area,Palo Alto,9/30/08,2008-09,2008-Q3,2008,360000000,USD,25000000
227,/organization/lifesize-communications,"LifeSize, a Division of Logitech",|Software|,Software,USA,TX,Austin,Austin,/organization/logitech,Logitech,|Hardware|Hardware + Software|,Hardware + Software,USA,CA,SF Bay Area,Fremont,11/10/09,2009-11,2009-Q4,2009,405000000,USD,42500000
229,/organization/linux-networx,Linux Networx,|Software|,Software,USA,UT,Salt Lake City,Salt Lake City,/organization/sgi,SGI,|Hardware + Software|,Hardware + Software,USA,CA,SF Bay Area,Fremont,2/15/08,2008-02,2008-Q1,2008,90000000,USD,47000000
248,/organization/managed-objects,Managed Objects,|Software|,Software,USA,MA,Boston,Waltham,/organization/novell,Novell,|Software|,Software,USA,UT,Salt Lake City,Provo,11/13/08,2008-11,2008-Q4,2008,45000000,USD,7000000
259,/organization/mimosa-systems,Mimosa Systems,|Software|,Software,USA,CA,SF Bay Area,Santa Clara,/organization/iron-mountain,Iron Mountain,|Security|,Security,USA,MA,Boston,Boston,2/22/10,2010-02,2010-Q1,2010,112000000,USD,48000000
270,/organization/mykonos-software,Mykonos Software,|Software|,Software,USA,CA,SF Bay Area,San Francisco,/organization/juniper-networks,Juniper Networks,|Communications Hardware|Technology|Security|,Communications Hardware,USA,CA,SF Bay Area,Sunnyvale,2/22/12,2012-02,2012-Q1,2012,80000000,USD,4000000
312,/organization/pgp-corporation,PGP Corporation,|Software|,Software,USA,CA,SF Bay Area,Menlo Park,/organization/symantec,Symantec,|Security|,Security,USA,CA,SF Bay Area,Mountain View,4/29/10,2010-04,2010-Q2,2010,300000000,USD,27300000
326,/organization/powerreviews,PowerReviews,|Software|Reviews and Recommendations|Analytics|Social Commerce|,Software,USA,IL,Chicago,Chicago,/organization/viewpoints,Viewpoints,|Reviews and Recommendations|Software|,Reviews and Recommendations,USA,IL,Chicago,Chicago,6/5/14,2014-06,2014-Q2,2014,30000000,USD,56250000
327,/organization/powerreviews,PowerReviews,|Software|Reviews and Recommendations|Analytics|Social Commerce|,Software,USA,IL,Chicago,Chicago,/organization/bazaarvoice,Bazaarvoice,|SaaS|Social Media|Networking|Internet|Social Commerce|Reviews and Recommendations|Content|E-Commerce|Software|,E-Commerce,USA,TX,Austin,Austin,5/24/12,2012-05,2012-Q2,2012,151000000,USD,56250000
343,/organization/qumas,Qumas,|Software|,Software,USA,NJ,Newark,Jersey City,/organization/accelrys,Accelrys,|Software|,Software,USA,CA,San Diego,San Diego,12/9/13,2013-12,2013-Q4,2013,50000000,USD,10000000
398,/organization/snapin-software,SNAPin Software,|Software|,Software,USA,WA,Seattle,Bellevue,/organization/nuance,Nuance Communications,|Software|,Software,USA,MA,Boston,Burlington,8/13/08,2008-08,2008-Q3,2008,204260000,USD,22300000
402,/organization/solidcore-systems,Solidcore Systems,|Software|,Software,USA,CA,SF Bay Area,Cupertino,/organization/mcafee,McAfee,|Security|,Security,USA,CA,SF Bay Area,Santa Clara,5/15/09,2009-05,2009-Q2,2009,47000000,USD,40000000
406,/organization/spaceclaim,SpaceClaim,|Software|,Software,USA,MA,Boston,Concord,/organization/ansys,ANSYS,|Software|,Software,USA,PA,Pittsburgh,Canonsburg,5/1/14,2014-05,2014-Q2,2014,85000000,USD,49000000
407,/organization/spaceclaim,SpaceClaim,|Software|,Software,USA,MA,Boston,Concord,/organization/ansys,ANSYS,|Software|,Software,USA,PA,Pittsburgh,Canonsburg,5/1/14,2014-05,2014-Q2,2014,85000000,USD,49000000
408,/organization/springsource,SpringSource,|Software|,Software,USA,CA,SF Bay Area,San Mateo,/organization/vmware,VMware,|Software|,Software,USA,CA,SF Bay Area,Palo Alto,8/10/09,2009-08,2009-Q3,2009,362000000,USD,37339356
415,/organization/surgient,Surgient,|Software|,Software,USA,TX,Austin,Austin,/organization/quest-software,Quest Software,|Software|,Software,USA,CA,Anaheim,Aliso Viejo,11/10/10,2010-11,2010-Q4,2010,35000000,USD,20000000
431,/organization/thingworx,ThingWorx,|Software|,Software,USA,PA,Philadelphia,Downingtown,/organization/ptc,PTC,|Software|,Software,USA,MA,Boston,Needham,12/30/13,2013-12,2013-Q4,2013,112000000,USD,5000000
451,/organization/varolii,Varolii,|Software|,Software,USA,WA,Seattle,Seattle,/organization/lifelock,LifeLock,|Technology|Security|,Technology,USA,AZ,Phoenix,Tempe,8/20/13,2013-08,2013-Q3,2013,42600000,USD,8000000
465,/organization/vontu,Vontu,|Software|,Software,USA,CA,SF Bay Area,San Francisco,/organization/symantec,Symantec,|Security|,Security,USA,CA,SF Bay Area,Mountain View,11/5/07,2007-11,2007-Q4,2007,350000000,USD,20000000
468,/organization/vurv-technology,Vurv Technology,|Recruiting|Career Management|Software|,Software,USA,FL,Jacksonville,Jacksonville,/organization/taleo,Taleo,|Video on Demand|Recruiting|Career Management|Software|,Software,USA,CA,SF Bay Area,Dublin,5/6/08,2008-05,2008-Q2,2008,128800000,USD,5000000
486,/organization/xobni,Xobni,|Software|,Software,USA,CA,SF Bay Area,San Francisco,/organization/yahoo,Yahoo!,|Photography|Email|Portals|Search|Curated Web|,Service Provider,USA,CA,SF Bay Area,Sunnyvale,7/8/13,2013-07,2013-Q3,2013,48000000,USD,41660000
245,/organization/mailbox,Mailbox,|Task Management|Productivity Software|iPhone|Email|Messaging|,Software,USA,CA,SF Bay Area,San Francisco,/organization/dropbox,Dropbox,|Cloud Data Services|Storage|Web Hosting|,Cloud Data Services,USA,CA,SF Bay Area,San Francisco,3/15/13,2013-03,2013-Q1,2013,100000000,USD,5000000
459,/organization/virident-systems,Virident Systems,|Technology|Clean Technology|Hardware|Enterprise Software|,Software,USA,CA,SF Bay Area,Milpitas,/organization/western-digital,West,|Hardware + Software|,Hardware + Software,USA,CA,Anaheim,Lake Forest,9/9/13,2013-09,2013-Q3,2013,685000000,USD,72954999
58,/organization/binoptics,BinOptics,|Semiconductors|Telecommunications|Manufacturing|,Software,USA,NY,Elmira,Ithaca,/organization/m-a-com-technology-solutions,M/A-COM Technology Solutions,|Semiconductors|Mobile|,Semiconductors,USA,MA,Boston,Lowell,11/18/14,2014-11,2014-Q4,2014,230000000,USD,16000000
93,/organization/composite-software-inc,Composite Software,|Web CMS|Content|Software|,Software,USA,CA,SF Bay Area,San Mateo,/organization/cisco,Cisco,|Software|Hardware|Networking|Web Hosting|,Enterprise Software,USA,CA,SF Bay Area,San Jose,6/20/13,2013-06,2013-Q2,2013,180000000,USD,14650003
106,/organization/cubetree,CubeTree,|Web Tools|Networking|Collaboration|Enterprise Software|,Software,USA,CA,SF Bay Area,Redwood City,/organization/successfactors,SuccessFactors,|SaaS|Career Management|Enterprises|Enterprise Software|,Enterprises,USA,CA,SF Bay Area,South San Francisco,5/3/10,2010-05,2010-Q2,2010,50000000,USD,11175000
474,/organization/wetpaint,Wetpaint,|Web Tools|Curated Web|,Software,USA,WA,Seattle,Seattle,/organization/viggle,"Viggle, Inc.",|Multi-level Marketing|Digital Entertainment|,Multi-level Marketing,USA,NY,New York City,New York,12/16/13,2013-12,2013-Q4,2013,30000000,USD,39750000
140,/organization/farecast,Farecast,|Transportation|Travel|Finance|,Transportation,USA,WA,Seattle,Seattle,/organization/microsoft,Microsoft,|Video Games|Software|,Software,USA,WA,Seattle,Redmond,4/17/08,2008-04,2008-Q2,2008,115000000,USD,20600000
472,/organization/waze,Waze,|Navigation|Transportation|,Transportation,USA,CA,SF Bay Area,Palo Alto,/organization/google,Google,|Software|Video Streaming|Information Technology|Blogging Platforms|Email|Search|,Service Provider,USA,CA,SF Bay Area,Mountain View,6/11/13,2013-06,2013-Q2,2013,996000000,USD,67000000
376,/organization/sidestep,SideStep,|Ticketing|Hotels|Travel|,Transportation,USA,CA,SF Bay Area,Santa Clara,/organization/kayak,KAYAK,|Travel|Search|,Travel,USA,CT,Hartford,Stamford,12/1/07,2007-12,2007-Q4,2007,180000000,USD,32000000
2,/organization/5min,5min Media,|Education|Video|Games|,Video,USA,NY,New York City,New York,/organization/aol,AOL,|Advertising Platforms|Content Creators|Digital Media|News|,Service Provider,USA,NY,New York City,New York,9/28/10,2010-09,2010-Q3,2010,65000000,USD,12500000
116,/organization/digitalsmiths,Digitalsmiths,|Web Development|Video|Software|,Video,USA,NC,Raleigh,Durham,/organization/tivo,TiVo,|Television|Hardware + Software|,Television,USA,CA,CA - Other,Alviso,1/29/14,2014-01,2014-Q1,2014,135000000,USD,30500000
120,/organization/dropcam,Dropcam,|Video|Hardware|Security|Software|,Video,USA,CA,SF Bay Area,San Francisco,/organization/nest-labs,Nest Labs,|Home Automation|,Home Automation,USA,CA,SF Bay Area,Palo Alto,6/20/14,2014-06,2014-Q2,2014,555000000,USD,47800000
139,/organization/extend-media,Extend Media,|Video|Software|,Video,USA,MA,Boston,Newton,/organization/cisco,Cisco,|Software|Hardware|Networking|Web Hosting|,Enterprise Software,USA,CA,SF Bay Area,San Jose,8/26/10,2010-08,2010-Q3,2010,80000000,USD,22000000
457,/organization/vidible,Vidible,|Advertising Exchanges|Video|,Video,USA,CA,SF Bay Area,San Francisco,/organization/aol,AOL,|Advertising Platforms|Content Creators|Digital Media|News|,Service Provider,USA,NY,New York City,New York,12/1/14,2014-12,2014-Q4,2014,50000000,USD,3350673
267,/organization/mu-dynamics,Mu Dynamics,|Web Hosting|,Web Hosting,USA,CA,SF Bay Area,Sunnyvale,/organization/spirent,Spirent Communications,|Network Security|Location Based Services|Mobile|Wireless|Internet|VoIP|Public Relations|,VoIP,USA,CA,SF Bay Area,Sunnyvale,4/20/12,2012-04,2012-Q2,2012,40000000,USD,24000000
273,/organization/navini-networks,Navini Networks,|Web Hosting|,Web Hosting,USA,TX,Dallas,Richardson,/organization/cisco,Cisco,|Software|Hardware|Networking|Web Hosting|,Enterprise Software,USA,CA,SF Bay Area,San Jose,10/23/07,2007-10,2007-Q4,2007,330000000,USD,13420000
286,/organization/npulse-technologies,nPulse Technologies,|Web Hosting|,Web Hosting,USA,VA,"Washington, D.C.",Charlottesville,/organization/fireeye,FireEye,|Network Security|Security|,Network Security,USA,CA,SF Bay Area,Milpitas,5/6/14,2014-05,2014-Q2,2014,70000000,USD,1000000
337,/organization/pure-networks,Pure Networks,|Web Hosting|,Web Hosting,USA,WA,Seattle,Seattle,/organization/cisco,Cisco,|Software|Hardware|Networking|Web Hosting|,Enterprise Software,USA,CA,SF Bay Area,San Jose,7/22/08,2008-07,2008-Q3,2008,120000000,USD,12500000
368,/organization/seamicro,SeaMicro,|Web Hosting|,Web Hosting,USA,CA,SF Bay Area,Sunnyvale,/organization/amd,AMD,|Hardware + Software|,Hardware + Software,USA,CA,SF Bay Area,Sunnyvale,3/23/12,2012-03,2012-Q1,2012,334000000,USD,20000000
396,/organization/smartsynch,SmartSynch,|Web Hosting|,Web Hosting,USA,MS,Jackson,Jackson,/organization/itron,Itron,|Water|Clean Energy|Clean Technology|,Water,USA,WA,WA - Other,Liberty Lake,2/15/12,2012-02,2012-Q1,2012,100000000,USD,12000000
480,/organization/wichorus,WiChorus,|Web Hosting|,Web Hosting,USA,CA,SF Bay Area,San Jose,/organization/tellabs,Tellabs,|Public Relations|,Public Relations,USA,IL,Chicago,Naperville,10/22/09,2009-10,2009-Q4,2009,165000000,USD,27500000