,company_permalink,company_name,company_category_list,company_market,company_country_code,company_state_code,company_region,company_city,acquirer_permalink,acquirer_name,acquirer_category_list,acquirer_market,acquirer_country_code,acquirer_state_code,acquirer_region,acquirer_city,acquired_at,acquired_month,acquired_quarter,acquired_year,price_amount,price_currency_code,raised_amount_usd
0,/organization/170-systems,170 Systems,|Software|,Software,USA,MA,Boston,Bedford,/organization/kofax,Kofax,|Software|,Software,USA,CA,Anaheim,Irvine,2009-09-08,2009-09,2009-Q3,2009.0,43000000,USD,14000000
1,/organization/41st-parameter,41st Parameter,|Security|,Security,USA,CA,SF Bay Area,San Jose,/organization/experian,Experian,|Credit|Curated Web|,Curated Web,USA,CA,Anaheim,Costa Mesa,2013-10-01,2013-10,2013-Q4,2013.0,324000000,USD,34270000
2,/organization/5min,5min Media,|Education|Video|Games|,Video,USA,NY,New York City,New York,/organization/aol,AOL,|Advertising Platforms|Content Creators|Digital Media|News|,Service Provider,USA,NY,New York City,New York,2010-09-28,2010-09,2010-Q3,2010.0,65000000,USD,12500000
6,/organization/adap-tv,Adap.tv,|Auctions|Television|Video|Advertising|,Television,USA,CA,SF Bay Area,San Mateo,/organization/aol,AOL,|Advertising Platforms|Content Creators|Digital Media|News|,Service Provider,USA,NY,New York City,New York,2013-08-07,2013-08,2013-Q3,2013.0,405000000,USD,43000000
7,/organization/adconion-media-group,Adconion Media Group,|Entertainment|Ad Targeting|Advertising|,Entertainment,USA,CA,Los Angeles,Santa Monica,/organization/amobee,Amobee,|Advertising|,Advertising,USA,CA,SF Bay Area,Redwood City,2014-06-10,2014-06,2014-Q2,2014.0,235000000,USD,80000000
8,/organization/adiana,Adiana,|Biotechnology|,Biotechnology,USA,CA,SF Bay Area,Redwood City,/organization/cytyc,Cytyc,|Biotechnology|,Biotechnology,USA,MA,Boston,Marlborough,2007-02-26,2007-02,2007-Q1,2007.0,215000000,USD,23000000
9,/organization/adify,Adify,|Advertising|,Advertising,USA,CA,SF Bay Area,San Bruno,/organization/cox-enterprises,Cox Enterprises,|Software|Digital Media|Broadcasting|,Digital Media,USA,GA,Atlanta,Atlanta,2008-04-28,2008-04,2008-Q2,2008.0,300000000,USD,27000000
11,/organization/admeld,Admeld,|Auctions|Software|Advertising|,Auctions,USA,NY,New York City,New York,/organization/google,Google,|Software|Video Streaming|Information Technology|Blogging Platforms|Email|Search|,Service Provider,USA,CA,SF Bay Area,Mountain View,2011-06-01,2011-06,2011-Q2,2011.0,400000000,CAD,30000000
12,/organization/admob,AdMob,|Mobile|Advertising|,Advertising,USA,CA,SF Bay Area,Mountain View,/organization/google,Google,|Software|Video Streaming|Information Technology|Blogging Platforms|Email|Search|,Service Provider,USA,CA,SF Bay Area,Mountain View,2009-11-09,2009-11,2009-Q4,2009.0,750000000,USD,46800000
13,/organization/adnexus,Adnexus,|Biotechnology|,Biotechnology,USA,MA,Boston,Waltham,/organization/bristol-myers-squibb,Bristol-Myers Squibb,|Health and Wellness|Pharmaceuticals|Biotechnology|,Pharmaceuticals,USA,NY,New York City,New York,2010-08-10,2010-08,2010-Q3,2010.0,415000000,USD,42500000
15,/organization/aggregateknowledge,Aggregate Knowledge,|Advertising|,Advertising,USA,CA,SF Bay Area,San Mateo,/organization/neustar,Neustar,|Telecommunications|Analytics|Information Technology|,Analytics,USA,VA,"Washington, D.C.",Sterling,2013-10-31,2013-10,2013-Q4,2013.0,119000000,USD,59958350
17,/organization/ahura-scientific,Ahura Scientific,|Biotechnology|,Biotechnology,USA,ME,ME - Other,Limington,/organization/thermo-fisher-scientific,Thermo Fisher Scientific,|Technology|Bioinformatics|Biotechnology|,Bioinformatics,USA,MA,Boston,Waltham,2010-01-19,2010-01,2010-Q1,2010.0,145000000,USD,17000000
18,/organization/aicent,Aicent,|Mobile|,Mobile,USA,CA,SF Bay Area,San Jose,/organization/syniverse-technologies,Syniverse,|Mobile|Public Relations|,Mobile,USA,FL,Tampa,Tampa,2014-05-13,2014-05,2014-Q2,2014.0,290000000,USD,17300000
26,/organization/altor-networks,Altor Networks,|Security|,Security,USA,CA,SF Bay Area,Redwood City,/organization/juniper-networks,Juniper Networks,|Communications Hardware|Technology|Security|,Communications Hardware,USA,CA,SF Bay Area,Sunnyvale,2010-12-06,2010-12,2010-Q4,2010.0,95000000,USD,16000000
30,/organization/angioscore,AngioScore,|Biotechnology|,Biotechnology,USA,CA,SF Bay Area,Fremont,/organization/spectranetics,Spectranetics,|Medical Devices|,Medical Devices,USA,CO,Colorado Springs,Colorado Springs,2014-05-27,2014-05,2014-Q2,2014.0,230000000,USD,30000000
32,/organization/appia,Appia,|App Stores|Mobile|Advertising|,Advertising,USA,NC,Raleigh,Durham,/organization/mandalay-digital-group,Mandalay Digital Group,|Mobile|,Mobile,USA,CA,Los Angeles,Los Angeles,2014-11-13,2014-11,2014-Q4,2014.0,100000000,USD,22750000
36,/organization/ardian-inc,Ardian,|Health Care|,Health Care,USA,CA,SF Bay Area,Mountain View,/organization/medtronic,Medtronic,|Medical Devices|Biotechnology|,Medical Devices,USA,MN,Minneapolis,Minneapolis,2011-01-13,2011-01,2011-Q1,2011.0,800000000,USD,64080000
40,/organization/associatedcontent,Associated Content,|Curated Web|,Curated Web,USA,CO,Denver,Denver,/organization/yahoo,Yahoo!,|Photography|Email|Portals|Search|Curated Web|,Service Provider,USA,CA,SF Bay Area,Sunnyvale,2010-05-18,2010-05,2010-Q2,2010.0,90000000,USD,21400000
41,/organization/aster-data-systems,Aster Data Systems,|Databases|Analytics|,Analytics,USA,CA,SF Bay Area,San Carlos,/organization/teradata,Teradata,|Big Data|Consulting|,Big Data,USA,OH,Dayton,Miamisburg,2011-03-03,2011-03,2011-Q1,2011.0,263000000,USD,52000000
43,/organization/atom-entertainment,Atom Entertainment,|Games|,Games,USA,CA,SF Bay Area,San Francisco,/organization/mtv-networks,MTV Networks,|Advertising|,Advertising,USA,NY,New York City,New York,2006-08-01,2006-08,2006-Q3,2006.0,200000000,USD,22900000
44,/organization/atrua,Atrua Technologies,|Mobile|,Mobile,USA,CA,SF Bay Area,Campbell,/organization/authentec,AuthenTec,|Information Security|Semiconductors|,Information Security,USA,FL,Florida's Space Coast,Melbourne Beach,2009-07-14,2009-07,2009-Q3,2009.0,600000000,USD,13000000
46,/organization/auditude,Auditude,|Monetization|Video|Advertising|,Monetization,USA,CA,SF Bay Area,Palo Alto,/organization/adobe-systems,Adobe Systems,|Image Recognition|Design|Photo Editing|Creative|Software|,Photo Editing,USA,CA,SF Bay Area,San Jose,2011-11-01,2011-11,2011-Q4,2011.0,120000000,USD,30426151
47,/organization/avaak,Avaak,|Electronics|Mobile|,Mobile,USA,CA,San Diego,San Diego,/organization/netgear-inc,NETGEAR,|Telecommunications|Hardware + Software|,Telecommunications,USA,CA,SF Bay Area,San Jose,2012-07-26,2012-07,2012-Q3,2012.0,31000000,USD,17000000
48,/organization/avid-radiopharmaceuticals,Avid Radiopharmaceuticals,|Biotechnology|,Biotechnology,USA,PA,Philadelphia,Philadelphia,/organization/eli-lilly,Eli Lilly,|Biotechnology|,Biotechnology,USA,IN,Indianapolis,Indianapolis,2010-11-08,2010-11,2010-Q4,2010.0,800000000,USD,69400000
49,/organization/avidia,Avidia,|Pharmaceuticals|Medical|Biotechnology|,Biotechnology,USA,CA,SF Bay Area,Mountain View,/organization/amgen,Amgen,|Biotechnology|,Biotechnology,USA,CA,Los Angeles,Thousand Oaks,2008-10-02,2008-10,2008-Q4,2008.0,380000000,USD,72300000
53,/organization/basis-science,Basis Science,|Fitness|Health and Wellness|,Fitness,USA,CA,SF Bay Area,San Francisco,/organization/intel,Intel,|Hardware + Software|,Hardware + Software,USA,CA,SF Bay Area,Santa Clara,2014-03-04,2014-03,2014-Q1,2014.0,100000000,USD,43500000
55,/organization/bebo,Bebo,|Social Network Media|Social Media|,Social Network Media,USA,CA,SF Bay Area,San Francisco,/organization/aol,AOL,|Advertising Platforms|Content Creators|Digital Media|News|,Service Provider,USA,NY,New York City,New York,2008-03-13,2008-03,2008-Q1,2008.0,850000000,USD,15000000
56,/organization/beceem,Beceem Communications,|Semiconductors|,Semiconductors,USA,CA,SF Bay Area,Santa Clara,/organization/broadcom,Broadcom,|Semiconductors|Mobile|,Semiconductors,USA,CA,Anaheim,Irvine,2010-10-13,2010-10,2010-Q4,2010.0,316000000,USD,49600000
57,/organization/billmelater,Bill Me Later,|Payments|Credit|E-Commerce|,Payments,USA,MD,Baltimore,Lutherville Timonium,/organization/ebay,eBay,|Internet|Business Services|All Markets|Search|Auctions|E-Commerce|,Business Services,USA,CA,SF Bay Area,San Jose,2008-10-06,2008-10,2008-Q4,2008.0,945000000,USD,100000000
58,/organization/binoptics,BinOptics,|Semiconductors|Telecommunications|Manufacturing|,Telecommunications,USA,NY,Elmira,Ithaca,/organization/m-a-com-technology-solutions,M/A-COM Technology Solutions,|Semiconductors|Mobile|,Semiconductors,USA,MA,Boston,Lowell,2014-11-18,2014-11,2014-Q4,2014.0,230000000,USD,16000000
59,/organization/bizo,Bizo,|Advertising|,Advertising,USA,CA,SF Bay Area,San Francisco,/organization/linkedin,LinkedIn,|Social Recruiting|Software|Networking|Social Media|,Software,USA,CA,SF Bay Area,Mountain View,2014-07-22,2014-07,2014-Q3,2014.0,175000000,USD,16000000
63,/organization/bluefin-labs,Bluefin Labs,|Search|Video|Social Television|Analytics|,Search,USA,MA,Boston,Cambridge,/organization/twitter,Twitter,|Software|SMS|MicroBlogging|Messaging|Social Media|,Software,USA,CA,SF Bay Area,San Francisco,2013-02-04,2013-02,2013-Q1,2013.0,80000000,USD,18000000
65,/organization/bluelithium,BlueLithium,|Search|Advertising|,Advertising,USA,CA,SF Bay Area,San Jose,/organization/yahoo,Yahoo!,|Photography|Email|Portals|Search|Curated Web|,Service Provider,USA,CA,SF Bay Area,Sunnyvale,2007-09-04,2007-09,2007-Q3,2007.0,300000000,USD,11500000
67,/organization/braintree-payment-solutions,Braintree,|Accounting|Credit Cards|Billing|Payments|Software|,Accounting,USA,IL,Chicago,Chicago,/organization/paypal,PayPal,|Payments|P2P Money Transfer|E-Commerce|Databases|Finance|,Payments,USA,CA,SF Bay Area,San Jose,2013-09-26,2013-09,2013-Q3,2013.0,800000000,USD,69000000
68,/organization/breakingpoint-systems,BreakingPoint Systems,|Security|,Security,USA,TX,Austin,Austin,/organization/ixia,IXIA,|Web Hosting|,Web Hosting,USA,CA,Los Angeles,Calabasas,2012-07-02,2012-07,2012-Q3,2012.0,160000000,USD,15000000
69,/organization/bright-com,Bright.com,|Curated Web|,Curated Web,USA,CA,SF Bay Area,San Francisco,/organization/linkedin,LinkedIn,|Social Recruiting|Software|Networking|Social Media|,Software,USA,CA,SF Bay Area,Mountain View,2014-02-06,2014-02,2014-Q1,2014.0,120000000,USD,20000000
70,/organization/brightroll,BrightRoll,|Advertising Platforms|Online Video Advertising|Advertising|Software|,Advertising,USA,CA,SF Bay Area,San Francisco,/organization/yahoo,Yahoo!,|Photography|Email|Portals|Search|Curated Web|,Service Provider,USA,CA,SF Bay Area,Sunnyvale,2014-11-11,2014-11,2014-Q4,2014.0,640000000,USD,36000000
71,/organization/broadbus,Broadbus Technologies,|Hardware + Software|,Hardware + Software,USA,IL,Chicago,Libertyville,/organization/motorola-solutions,Motorola Solutions,|Enterprise Software|,Enterprise Software,USA,IL,Chicago,Schaumburg,2006-07-25,2006-07,2006-Q3,2006.0,181000000,USD,20000000
72,/organization/broadlight,BroadLight,|Software|,Software,USA,CA,SF Bay Area,Santa Clara,/organization/broadcom,Broadcom,|Semiconductors|Mobile|,Semiconductors,USA,CA,Anaheim,Irvine,2012-03-21,2012-03,2012-Q1,2012.0,230000000,USD,22000000
73,/organization/bump-technologies,Bump Technologies,|Mobile|,Mobile,USA,CA,SF Bay Area,Mountain View,/organization/google,Google,|Software|Video Streaming|Information Technology|Blogging Platforms|Email|Search|,Service Provider,USA,CA,SF Bay Area,Mountain View,2013-12-31,2013-12,2013-Q4,2013.0,30000000,USD,19900000
75,/organization/calistoga-pharmaceuticals,Calistoga Pharmaceuticals,|Medical|Pharmaceuticals|Biotechnology|,Pharmaceuticals,USA,WA,Seattle,Seattle,/organization/gilead-sciences,Gilead Sciences,|Biotechnology|,Biotechnology,USA,CA,SF Bay Area,Foster City,2011-02-22,2011-02,2011-Q1,2011.0,375000000,USD,92000000
76,/organization/cardiomems,CardioMEMS,|Medical Devices|Health Care|,Medical Devices,USA,GA,Atlanta,Atlanta,/organization/st-jude-medical,St. Jude Medical,|Medical Devices|,Medical Devices,USA,MN,Minneapolis,Saint Paul,2014-05-30,2014-05,2014-Q2,2014.0,455000000,USD,22100000
77,/organization/caring-com,Caring.com,|Baby Boomers|Elder Care|Senior Health|Local Based Services|Media|,Elder Care,USA,CA,SF Bay Area,San Mateo,/organization/bankrate,Bankrate,|Business Services|Curated Web|,Business Services,USA,FL,Palm Beaches,North Palm Beach,2014-05-08,2014-05,2014-Q2,2014.0,54000000,USD,23519998
79,/organization/cashedge,CashEdge,|Finance|,Finance,USA,NY,New York City,New York,/organization/fiserv,Fiserv,|Information Technology|,Information Technology,USA,WI,Milwaukee,Brookfield,2011-09-14,2011-09,2011-Q3,2011.0,465000000,USD,25000000
80,/organization/caviar,Caviar,|Hospitality|Curated Web|,Hospitality,USA,CA,SF Bay Area,San Francisco,/organization/square,Square,|Hardware + Software|Finance|Analytics|P2P Money Transfer|Mobile Payments|Mobile|,P2P Money Transfer,USA,CA,SF Bay Area,San Francisco,2014-08-04,2014-08,2014-Q3,2014.0,90000000,USD,13000000
81,/organization/ception-therapeutics,Ception Therapeutics,|Biotechnology|,Biotechnology,USA,PA,Philadelphia,Malvern,/organization/cephalon,Cephalon,|Biotechnology|,Biotechnology,USA,PA,Philadelphia,Malvern,2010-02-23,2010-02,2010-Q1,2010.0,250000000,USD,77700000
83,/organization/change-healthcare,Change Healthcare,|Healthcare Services|Hospitals|Education|Health Care|,Hospitals,USA,TN,Nashville,Brentwood,/organization/emdeon,Emdeon,|Payments|Enterprise Software|,Payments,USA,TN,Nashville,Nashville,2014-11-19,2014-11,2014-Q4,2014.0,135000000,USD,25300000
84,/organization/pageonce,Check,|Sports|Mobile|,Sports,USA,CA,SF Bay Area,Palo Alto,/organization/intuit,Intuit,|Computers|Software|,Computers,USA,CA,SF Bay Area,Mountain View,2014-05-27,2014-05,2014-Q2,2014.0,360000000,USD,30500000
85,/organization/chil-semiconductor,CHiL Semiconductor,|Semiconductors|,Semiconductors,USA,CA,Los Angeles,El Segundo,/organization/international-rectifier,International Rectifier,|Semiconductors|,Semiconductors,USA,CA,Los Angeles,El Segundo,2011-02-28,2011-02,2011-Q1,2011.0,75000000,USD,21700000
87,/organization/circulite,CircuLite,|Health Care|,Health Care,USA,NJ,Newark,Teaneck,/organization/heartware-international,HeartWare International,|Hardware + Software|,Hardware + Software,USA,MA,Boston,Framingham,2013-12-02,2013-12,2013-Q4,2013.0,30000000,USD,62500000
90,/organization/clearwell-systems,Clearwell Systems,|Ediscovery|Enterprise Software|,Ediscovery,USA,CA,SF Bay Area,Mountain View,/organization/symantec,Symantec,|Security|,Security,USA,CA,SF Bay Area,Mountain View,2011-07-11,2011-07,2011-Q3,2011.0,410000000,USD,29000000
93,/organization/composite-software-inc,Composite Software,|Web CMS|Content|Software|,Web CMS,USA,CA,SF Bay Area,San Mateo,/organization/cisco,Cisco,|Software|Hardware|Networking|Web Hosting|,Enterprise Software,USA,CA,SF Bay Area,San Jose,2013-06-20,2013-06,2013-Q2,2013.0,180000000,USD,14650003
95,/organization/contrail-systems,Contrail Systems,|Software|,Software,USA,CA,SF Bay Area,Santa Clara,/organization/juniper-networks,Juniper Networks,|Communications Hardware|Technology|Security|,Communications Hardware,USA,CA,SF Bay Area,Sunnyvale,2012-12-13,2012-12,2012-Q4,2012.0,176000000,USD,10000000
99,/organization/corventis,Corventis,|Health Care Information Technology|Health Care|Health and Wellness|Medical Devices|,Health Care,USA,CA,SF Bay Area,San Jose,/organization/medtronic,Medtronic,|Medical Devices|Biotechnology|,Medical Devices,USA,MN,Minneapolis,Minneapolis,2014-05-20,2014-05,2014-Q2,2014.0,150000000,USD,10000006
100,/organization/cotendo,Cotendo,|Content Delivery|Software|,Software,USA,CA,SF Bay Area,Sunnyvale,/organization/akamai-technologies,Akamai Technologies,|SaaS|IaaS|Digital Media|Video Streaming|Data Security|Content Delivery|Cloud Computing|Business Services|Enterprise Software|,Business Services,USA,MA,Boston,Cambridge,2011-11-27,2011-11,2011-Q4,2011.0,268000000,USD,36000000
101,/organization/coverity,Coverity,|Open Source|Enterprise Software|,Open Source,USA,CA,SF Bay Area,San Francisco,/organization/synopsys,Synopsys,|Design|Semiconductors|Software|,Software,USA,CA,SF Bay Area,Mountain View,2014-02-19,2014-02,2014-Q1,2014.0,375000000,USD,22000000
102,/organization/cpower,CPower,|Clean Technology|,Clean Technology,USA,NY,New York City,New York,/organization/constellation-energy,Constellation Energy,|Energy|,Energy,USA,MD,Baltimore,Baltimore,2010-09-19,2010-09,2010-Q3,2010.0,78000000,USD,27680000
106,/organization/cubetree,CubeTree,|Web Tools|Networking|Collaboration|Enterprise Software|,Web Tools,USA,CA,SF Bay Area,Redwood City,/organization/successfactors,SuccessFactors,|SaaS|Career Management|Enterprises|Enterprise Software|,Enterprises,USA,CA,SF Bay Area,South San Francisco,2010-05-03,2010-05,2010-Q2,2010.0,50000000,USD,11175000
107,/organization/cue,Cue,|Curated Web|,Curated Web,USA,CA,SF Bay Area,San Francisco,/organization/apple,Apple,|Computers|Consumer Electronics|Hardware + Software|,Hardware + Software,USA,CA,SF Bay Area,Cupertino,2013-10-04,2013-10,2013-Q4,2013.0,50000000,USD,11500000
108,/organization/cyvek,CyVek,|Clinical Trials|Life Sciences|Biotechnology|,Life Sciences,USA,CT,Hartford,Wallingford,/organization/techne-corporation,Bio-Techne,|Medical Devices|Manufacturing|Biotechnology|,Biotechnology,USA,MN,Minneapolis,Minneapolis,2014-11-04,2014-11,2014-Q4,2014.0,195000000,USD,10450000
113,/organization/dialogic,Dialogic,|Communications Infrastructure|Networking|Software|,Communications Infrastructure,USA,CA,SF Bay Area,San Jose,/organization/novacap,Novacap,|Investment Management|,Investment Management,CAN,QC,Montreal,Longueuil,2014-10-12,2014-10,2014-Q4,2014.0,35300000,USD,39529815
116,/organization/digitalsmiths,Digitalsmiths,|Web Development|Video|Software|,Video,USA,NC,Raleigh,Durham,/organization/tivo,TiVo,|Television|Hardware + Software|,Television,USA,CA,CA - Other,Alviso,2014-01-29,2014-01,2014-Q1,2014.0,135000000,USD,30500000
118,/organization/divide,Divide,|Software|,Software,USA,NY,New York City,New York,/organization/google,Google,|Software|Video Streaming|Information Technology|Blogging Platforms|Email|Search|,Service Provider,USA,CA,SF Bay Area,Mountain View,2014-05-20,2014-05,2014-Q2,2014.0,120000000,USD,23000000
119,/organization/divx,DivX,|Video|Software|,Software,USA,CA,San Diego,San Diego,/organization/sonic-solutions,Sonic Solutions,|Software|,Software,USA,CA,SF Bay Area,Novato,2010-06-02,2010-06,2010-Q2,2010.0,323000000,USD,35000000
120,/organization/dropcam,Dropcam,|Video|Hardware|Security|Software|,Video,USA,CA,SF Bay Area,San Francisco,/organization/nest-labs,Nest Labs,|Home Automation|,Home Automation,USA,CA,SF Bay Area,Palo Alto,2014-06-20,2014-06,2014-Q2,2014.0,555000000,USD,47800000
121,/organization/dunenetworks,DuneNetworks,|Semiconductors|,Semiconductors,USA,CA,SF Bay Area,Sunnyvale,/organization/broadcom,Broadcom,|Semiconductors|Mobile|,Semiconductors,USA,CA,Anaheim,Irvine,2009-11-30,2009-11,2009-Q4,2009.0,178000000,USD,12000000
122,/organization/dvs-sciences,DVS Sciences,|Manufacturing|,Manufacturing,USA,CA,SF Bay Area,Sunnyvale,/organization/fluidigm,Fluidigm,|Biotechnology|,Biotechnology,USA,CA,SF Bay Area,South San Francisco,2014-01-29,2014-01,2014-Q1,2014.0,207500000,USD,14600000
123,/organization/dynatrace-software,dynaTrace software,|Apps|Software|,Software,USA,MA,Boston,Waltham,/organization/compuware,Compuware,|Enterprise Software|Information Technology|Testing|Consulting|Services|Software|,Enterprise Software,USA,MI,Detroit,Detroit,2011-07-06,2011-07,2011-Q3,2011.0,256000000,USD,17900000
124,/organization/edgecast,EdgeCast Networks,|Content|Content Delivery|Web Hosting|,Content,USA,CA,Los Angeles,Santa Monica,/organization/verizon,Verizon Communications,|Mobile|,Mobile,USA,NY,New York City,New York,2013-12-09,2013-12,2013-Q4,2013.0,350000000,USD,74000000
127,/organization/elevation-pharmaceuticals,Elevation Pharmaceuticals,|Biotechnology|,Biotechnology,USA,CA,San Diego,San Diego,/organization/sunovion-pharmaceuticals,Sunovion Pharmaceuticals,|Biotechnology|,Biotechnology,USA,MA,Boston,Marlborough,2012-08-30,2012-08,2012-Q3,2012.0,430000000,USD,77000000
128,/organization/eloqua,Eloqua,|Marketing Automation|B2B|Sales and Marketing|Enterprise Software|,Enterprise Software,USA,VA,"Washington, D.C.",Vienna,/organization/oracle,Oracle Corporation,|Software|Hardware|Enterprise Software|,Enterprise Software,USA,CA,SF Bay Area,Redwood City,2012-12-20,2012-12,2012-Q4,2012.0,871000000,USD,35800000
129,/organization/ember,Ember,|Real Time|Video|Mobile|,Real Time,USA,CA,Anaheim,Irvine,/organization/silicon-laboratories,Silicon Laboratories,|Hardware + Software|,Hardware + Software,USA,AL,Huntsville,Huntsville,2012-05-21,2012-05,2012-Q2,2012.0,72000000,USD,20000000
132,/organization/eragen-biosciences,EraGen Biosciences,|Biotechnology|,Biotechnology,USA,WI,Madison,Madison,/organization/luminex,Luminex,|Biotechnology|,Biotechnology,USA,TX,Austin,Austin,2011-06-21,2011-06,2011-Q2,2011.0,34000000,USD,12000000
133,/organization/estech,Estech,|Health Care|,Health Care,USA,CA,SF Bay Area,San Ramon,/organization/atricure,AtriCure,|Medical Devices|,Medical Devices,USA,OH,Cincinnati,West Chester,2013-12-19,2013-12,2013-Q4,2013.0,60000000,USD,27800000
134,/organization/evalve,Evalve,|Health Care|,Health Care,USA,CA,SF Bay Area,Menlo Park,/organization/abbott,Abbott Labs,|Health and Wellness|Venture Capital|Medical|Biotechnology|,Health and Wellness,USA,IL,Chicago,Des Plaines,2009-09-11,2009-09,2009-Q3,2009.0,410000000,USD,60000000
135,/organization/evolution-robotics,Evolution Robotics,|Software|,Software,USA,CA,Los Angeles,Pasadena,/organization/irobot,iRobot,|Consumer Electronics|Hardware + Software|,Consumer Electronics,USA,MA,Boston,Bedford,2012-09-17,2012-09,2012-Q3,2012.0,74000000,USD,13880000
136,/organization/evolv-on-demand,Evolv,|Career Management|Enterprise Software|Analytics|,Career Management,USA,CA,SF Bay Area,San Francisco,/organization/cornerstone-ondemand,Cornerstone OnDemand,|Enterprises|Career Management|Software|,Career Management,USA,CA,Los Angeles,Santa Monica,2014-10-07,2014-10,2014-Q4,2014.0,44500000,USD,34250000
138,/organization/extend-health,Extend Health,|Finance|,Finance,USA,UT,Salt Lake City,Salt Lake City,/organization/towers-watson,Towers Watson,|Consulting|,Consulting,USA,NY,New York City,New York,2012-05-14,2012-05,2012-Q2,2012.0,435000000,USD,15000000
139,/organization/extend-media,Extend Media,|Video|Software|,Video,USA,MA,Boston,Newton,/organization/cisco,Cisco,|Software|Hardware|Networking|Web Hosting|,Enterprise Software,USA,CA,SF Bay Area,San Jose,2010-08-26,2010-08,2010-Q3,2010.0,80000000,USD,22000000
140,/organization/farecast,Farecast,|Transportation|Travel|Finance|,Transportation,USA,WA,Seattle,Seattle,/organization/microsoft,Microsoft,|Video Games|Software|,Software,USA,WA,Seattle,Redmond,2008-04-17,2008-04,2008-Q2,2008.0,115000000,USD,20600000
144,/organization/flurry,Flurry,|Mobile|Advertising|,Mobile,USA,CA,SF Bay Area,San Francisco,/organization/yahoo,Yahoo!,|Photography|Email|Portals|Search|Curated Web|,Service Provider,USA,CA,SF Bay Area,Sunnyvale,2014-07-21,2014-07,2014-Q3,2014.0,200000000,USD,63000000
145,/organization/foliodynamix,FolioDynamix,|Finance|,Finance,USA,NY,New York City,New York,/organization/icg-group,Actua Corporation,|Venture Capital|Financial Services|Professional Services|,Professional Services,USA,PA,Philadelphia,Radnor,2014-09-15,2014-09,2014-Q3,2014.0,199000000,USD,16000000
148,/organization/fraud-sciences,Fraud Sciences,|Security|,Security,USA,CA,SF Bay Area,Palo Alto,/organization/paypal,PayPal,|Payments|P2P Money Transfer|E-Commerce|Databases|Finance|,Payments,USA,CA,SF Bay Area,San Jose,2008-01-28,2008-01,2008-Q1,2008.0,169000000,USD,11000000
149,/organization/freewheel,FreeWheel,|Advertising|Video|Television|Enterprise Software|,Advertising,USA,CA,SF Bay Area,San Mateo,/organization/comcast,Comcast,|Web Hosting|,Web Hosting,USA,PA,Philadelphia,Philadelphia,2014-03-02,2014-03,2014-Q1,2014.0,320000000,USD,37049998
152,/organization/gaikai,Gaikai,|Games|,Games,USA,CA,Anaheim,Aliso Viejo,/organization/sony,Sony Corp,|Consumer Electronics|Hardware + Software|,Consumer Electronics,USA,CA,San Diego,San Diego,2012-07-02,2012-07,2012-Q3,2012.0,380000000,USD,45039999
154,/organization/gemin-x-pharmaceuticals,Gemin X Pharmaceuticals,|Biotechnology|,Biotechnology,CAN,QC,Montreal,Montréal,/organization/cephalon,Cephalon,|Biotechnology|,Biotechnology,USA,PA,Philadelphia,Malvern,2011-03-21,2011-03,2011-Q1,2011.0,525000000,USD,62000000
158,/organization/global-locate,Global Locate,|Semiconductors|,Semiconductors,USA,CA,SF Bay Area,San Jose,/organization/broadcom,Broadcom,|Semiconductors|Mobile|,Semiconductors,USA,CA,Anaheim,Irvine,2007-07-12,2007-07,2007-Q3,2007.0,143000000,USD,33000000
159,/organization/globalscholar-com,globalscholar.com,|Tutoring|Education|Software|,Tutoring,USA,WA,Seattle,Bellevue,/organization/scantron,Scantron,|Software|,Software,USA,MN,Minneapolis,Eagan,2010-12-16,2010-12,2010-Q4,2010.0,140000000,USD,27000000
160,/organization/gloucester-pharmaceuticals,Gloucester Pharmaceuticals,|Medical|Biotechnology|,Medical,USA,MA,Boston,Cambridge,/organization/celgene,Celgene,|Medical|Biotechnology|,Biotechnology,USA,NJ,Newark,Summit,2009-12-07,2009-12,2009-Q4,2009.0,640000000,USD,29000000
163,/organization/gomez-inc,"Gomez, Inc.",|Consulting|,Consulting,USA,MA,Boston,Lexington,/organization/compuware,Compuware,|Enterprise Software|Information Technology|Testing|Consulting|Services|Software|,Enterprise Software,USA,MI,Detroit,Detroit,2009-10-10,2009-10,2009-Q4,2009.0,295000000,USD,49400000
165,/organization/grabcad,GrabCAD,|Finance|Manufacturing|CAD|Curated Web|,Finance,USA,MA,Boston,Cambridge,/organization/stratasys,Stratasys,|3D Printing|Product Design|Manufacturing|,Product Design,USA,MN,Minneapolis,Minneapolis,2014-09-16,2014-09,2014-Q3,2014.0,100000000,USD,12150000
166,/organization/gracenote,Gracenote,|Music|Games|,Music,USA,CA,SF Bay Area,Emeryville,/organization/tribunecompany,Tribune Company,|Publishing|Broadcasting|Curated Web|,Broadcasting,USA,IL,Chicago,Chicago,2013-12-23,2013-12,2013-Q4,2013.0,170000000,USD,33400000
167,/organization/gracenote,Gracenote,|Music|Games|,Music,USA,CA,SF Bay Area,Emeryville,/organization/sony,Sony Corp,|Consumer Electronics|Hardware + Software|,Consumer Electronics,USA,CA,San Diego,San Diego,2008-04-22,2008-04,2008-Q2,2008.0,260000000,USD,33400000
169,/organization/gravity,Gravity,|Personalization|Interest Graph|Advertising|,Advertising,USA,CA,Los Angeles,Santa Monica,/organization/aol,AOL,|Advertising Platforms|Content Creators|Digital Media|News|,Service Provider,USA,NY,New York City,New York,2014-01-23,2014-01,2014-Q1,2014.0,90700000,USD,20600000
170,/organization/guardianedge-technologies,GuardianEdge Technologies,|Enterprise Software|,Enterprise Software,USA,CA,SF Bay Area,San Mateo,/organization/symantec,Symantec,|Security|,Security,USA,CA,SF Bay Area,Mountain View,2010-04-29,2010-04,2010-Q2,2010.0,70000000,USD,16000000
171,/organization/guardium,Guardium,|Networking|Hardware + Software|Databases|Security|,Networking,USA,MA,Boston,Waltham,/organization/ibm,IBM,|Software|,Software,USA,NY,New York City,Armonk,2009-11-30,2009-11,2009-Q4,2009.0,225000000,USD,11800000
172,/organization/hands-on-mobile,Hands-On Mobile,|Games|Mobile|,Mobile,USA,CA,SF Bay Area,San Francisco,/organization/electronicarts,Electronic Arts,|Entertainment|Games|,Entertainment,USA,CA,SF Bay Area,Redwood City,2009-02-18,2009-02,2009-Q1,2009.0,30000000,USD,30000000
173,/organization/hautelook,HauteLook,|Flash Sales|E-Commerce|Shopping|Fashion|,E-Commerce,USA,CA,Los Angeles,Los Angeles,/organization/nordstrom,Nordstrom,|Consumer Goods|Brand Marketing|Fashion|,Fashion,USA,WA,Seattle,Seattle,2011-02-17,2011-02,2011-Q1,2011.0,270000000,USD,41000000
174,/organization/healthdatainsights,HealthDataInsights,|Health and Wellness|,Health and Wellness,USA,NV,Las Vegas,Las Vegas,/organization/hms-holdings,HMS Holdings,|Enterprise Software|,Enterprise Software,USA,NY,New York City,New York,2011-11-08,2011-11,2011-Q4,2011.0,400000000,USD,13200000
178,/organization/heroku,Heroku,|Venture Capital|Web Development|Enterprise Software|,Enterprise Software,USA,CA,SF Bay Area,San Francisco,/organization/salesforce,Salesforce,|Software|Hardware + Software|Enterprises|Cloud Computing|,Enterprise Software,USA,CA,SF Bay Area,San Francisco,2010-12-08,2010-12,2010-Q4,2010.0,250000000,USD,13000000
182,/organization/hunch,Hunch,|Local|Curated Web|,Local,USA,NY,New York City,New York,/organization/ebay,eBay,|Internet|Business Services|All Markets|Search|Auctions|E-Commerce|,Business Services,USA,CA,SF Bay Area,San Jose,2011-11-21,2011-11,2011-Q4,2011.0,80000000,USD,19200000
183,/organization/iconclude,iConclude,|Enterprise Software|,Enterprise Software,USA,WA,Seattle,Bellevue,/organization/opsware,Opsware,|Software|,Software,USA,CA,SF Bay Area,Sunnyvale,2007-03-07,2007-03,2007-Q1,2007.0,53000000,USD,12000000
184,/organization/icontact,iContact,|Social Media Marketing|Email|Email Marketing|Email Newsletters|Surveys|Messaging|,Email,USA,NC,Raleigh,Morrisville,/organization/vocus,Vocus,|Marketing Automation|Email Marketing|Social Media Monitoring|Software|,Marketing Automation,USA,MD,"Washington, D.C.",Beltsville,2012-02-28,2012-02,2012-Q1,2012.0,169000000,USD,45350000
186,/organization/idev-technologies,IDEV Technologies,|Biotechnology|,Biotechnology,USA,TX,Houston,Webster,/organization/abbott,Abbott Labs,|Health and Wellness|Venture Capital|Medical|Biotechnology|,Health and Wellness,USA,IL,Chicago,Des Plaines,2013-07-15,2013-07,2013-Q3,2013.0,310000000,USD,46000000
191,/organization/innopharma,InnoPharma,|Biotechnology|,Biotechnology,USA,NJ,Newark,Piscataway,/organization/pfizer,Pfizer,|Biotechnology|,Biotechnology,USA,NY,New York City,New York,2014-07-16,2014-07,2014-Q3,2014.0,225000000,USD,15000000
196,/organization/integrien,Integrien,|Enterprise Software|,Enterprise Software,USA,CA,Anaheim,Irvine,/organization/vmware,VMware,|Software|,Software,USA,CA,SF Bay Area,Palo Alto,2010-08-31,2010-08,2010-Q3,2010.0,100000000,USD,16500000
197,/organization/interactive-tko,Interactive TKO,|Software|,Software,USA,TX,Dallas,Dallas,/organization/ca,CA Technologies,|Software|,Software,USA,NY,Long Island,Islandia,2011-06-29,2011-06,2011-Q2,2011.0,330000000,USD,12560000
198,/organization/interlace-medical,Interlace Medical,|Health Care|,Health Care,USA,MA,Boston,Framingham,/organization/hologic,Hologic,|Biotechnology|,Biotechnology,USA,MA,Boston,Bedford,2011-01-07,2011-01,2011-Q1,2011.0,125000000,USD,20000000
200,/organization/ipierian,iPierian,|Biotechnology|,Biotechnology,USA,CA,SF Bay Area,South San Francisco,/organization/bristol-myers-squibb,Bristol-Myers Squibb,|Health and Wellness|Pharmaceuticals|Biotechnology|,Pharmaceuticals,USA,NY,New York City,New York,2014-04-29,2014-04,2014-Q2,2014.0,725000000,USD,58970000
201,/organization/ironport,IronPort Systems,|Security|,Security,USA,CA,SF Bay Area,San Bruno,/organization/cisco,Cisco,|Software|Hardware|Networking|Web Hosting|,Enterprise Software,USA,CA,SF Bay Area,San Jose,2007-01-04,2007-01,2007-Q1,2007.0,830000000,USD,61500000
203,/organization/itis-holdings,ITIS Holdings,|Software|,Software,USA,CT,Hartford,Cheshire,/organization/inrix,INRIX,|Crowdsourcing|Big Data|SEO|Public Transportation|,Crowdsourcing,USA,WA,Seattle,Kirkland,2011-08-01,2011-08,2011-Q3,2011.0,37000000,GBP,10964643
205,/organization/jaspersoft,Jaspersoft,|Open Source|Analytics|Web Development|Business Intelligence|Software|,Software,USA,CA,SF Bay Area,San Francisco,/organization/tibco-software-inc,TIBCO Software,|Enterprise Software|Software|,Enterprise Software,USA,CA,SF Bay Area,Palo Alto,2014-04-28,2014-04,2014-Q2,2014.0,185000000,USD,20000000
207,/organization/jigsaw,Jigsaw,|Contact Management|Curated Web|,Contact Management,USA,CA,SF Bay Area,San Mateo,/organization/salesforce,Salesforce,|Software|Hardware + Software|Enterprises|Cloud Computing|,Enterprise Software,USA,CA,SF Bay Area,San Francisco,2010-04-21,2010-04,2010-Q2,2010.0,142000000,USD,17950000
208,/organization/jingle-networks,Jingle Networks,|Advertising|Mobile|,Advertising,USA,NY,New York City,New York,/organization/marchex,Marchex,|Enterprise Software|Business Services|Technology|Advertising|Mobile|,Enterprise Software,USA,WA,Seattle,Seattle,2011-04-11,2011-04,2011-Q2,2011.0,62500000,USD,81500000
211,/organization/joulex,JouleX,|Enterprise Software|,Enterprise Software,USA,GA,Atlanta,Atlanta,/organization/cisco,Cisco,|Software|Hardware|Networking|Web Hosting|,Enterprise Software,USA,CA,SF Bay Area,San Jose,2013-05-29,2013-05,2013-Q2,2013.0,107000000,USD,18700000
213,/organization/kai-pharmaceuticals,KAI Pharmaceuticals,|Medical|Biotechnology|,Biotechnology,USA,CA,SF Bay Area,South San Francisco,/organization/amgen,Amgen,|Biotechnology|,Biotechnology,USA,CA,Los Angeles,Thousand Oaks,2012-04-10,2012-04,2012-Q2,2012.0,315000000,USD,35000000
214,/organization/kapow-technologies,Kapow Software,|Enterprise Software|Data Integration|Big Data|Software|,Data Integration,USA,CA,SF Bay Area,Palo Alto,/organization/kofax,Kofax,|Software|,Software,USA,CA,Anaheim,Irvine,2013-07-31,2013-07,2013-Q3,2013.0,47500000,USD,18243770
215,/organization/kasenna,Kasenna,|Software|,Software,USA,CA,SF Bay Area,Sunnyvale,/organization/espial-group,Espial Group,|Software|,Software,CAN,ON,Toronto,Toronto,2008-07-10,2008-07,2008-Q3,2008.0,79910000,USD,11000000
216,/organization/kazeon,Kazeon,|Software|,Software,USA,CA,SF Bay Area,Mountain View,/organization/emc,EMC,|Big Data|Infrastructure|Enterprise Software|,Big Data,USA,MA,Boston,Hopkinton,2009-09-02,2009-09,2009-Q3,2009.0,150000000,USD,20000000
217,/organization/kiva-systems,Kiva Systems,|Hardware|Software|Shipping|Robotics|Hardware + Software|,Hardware,USA,MA,Boston,North Reading,/organization/amazon,Amazon,|Consumer Goods|Groceries|Crowdsourcing|E-Commerce|,Consumer Goods,USA,WA,Seattle,Seattle,2012-03-19,2012-03,2012-Q1,2012.0,775000000,USD,11600000
219,/organization/klout,Klout,|Analytics|Social Media|,Social Media,USA,CA,SF Bay Area,San Francisco,/organization/lithiumtechnologies,Lithium Technologies,|Social CRM|Software|,Software,USA,CA,SF Bay Area,San Francisco,2014-03-26,2014-03,2014-Q1,2014.0,200000000,USD,40000000
220,/organization/kontera,Kontera,|Analytics|Big Data|Advertising|,Advertising,USA,CA,SF Bay Area,San Francisco,/organization/amobee,Amobee,|Advertising|,Advertising,USA,CA,SF Bay Area,Redwood City,2014-06-11,2014-06,2014-Q2,2014.0,150000000,USD,36140000
223,/organization/lala,Lala,|Music|,Music,USA,CA,SF Bay Area,Palo Alto,/organization/apple,Apple,|Computers|Consumer Electronics|Hardware + Software|,Hardware + Software,USA,CA,SF Bay Area,Cupertino,2009-12-05,2009-12,2009-Q4,2009.0,80000000,USD,35100000
225,/organization/lefthand-networks,Lefthand Networks,|Software|,Software,USA,CO,Denver,Boulder,/organization/hewlett-packard,Hewlett-Packard,|Information Technology|Curated Web|,Hardware + Software,USA,CA,SF Bay Area,Palo Alto,2008-09-30,2008-09,2008-Q3,2008.0,360000000,USD,25000000
227,/organization/lifesize-communications,"LifeSize, a Division of Logitech",|Software|,Software,USA,TX,Austin,Austin,/organization/logitech,Logitech,|Hardware|Hardware + Software|,Hardware + Software,USA,CA,SF Bay Area,Fremont,2009-11-10,2009-11,2009-Q4,2009.0,405000000,USD,42500000
228,/organization/lightwire,Lightwire,|Enterprise Software|,Enterprise Software,USA,CA,SF Bay Area,Santa Clara,/organization/cisco,Cisco,|Software|Hardware|Networking|Web Hosting|,Enterprise Software,USA,CA,SF Bay Area,San Jose,2012-02-24,2012-02,2012-Q1,2012.0,271000000,USD,18000000
229,/organization/linux-networx,Linux Networx,|Software|,Software,USA,UT,Salt Lake City,Salt Lake City,/organization/sgi,SGI,|Hardware + Software|,Hardware + Software,USA,CA,SF Bay Area,Fremont,2008-02-15,2008-02,2008-Q1,2008.0,90000000,USD,47000000
231,/organization/liverail,LiveRail,|Internet Marketing|Entertainment|Enterprises|Video|Advertising|,Enterprises,USA,CA,SF Bay Area,San Francisco,/organization/facebook,Facebook,|Communities|Identity|All Students|Colleges|Facebook Applications|Social Media|,Social Media,USA,CA,SF Bay Area,Menlo Park,2014-07-02,2014-07,2014-Q3,2014.0,500000000,USD,11500000
232,/organization/liveramp,LiveRamp,|Advertising|Data Integration|Brand Marketing|,Data Integration,USA,CA,SF Bay Area,San Francisco,/organization/acxiom,Acxiom,|Data Privacy|Data Security|Databases|Analytics|Direct Marketing|Email Marketing|Advertising|Big Data|Software|,Analytics,USA,AR,Little Rock,Little Rock,2014-05-15,2014-05,2014-Q2,2014.0,310000000,USD,15000000
233,/organization/location-labs,Location Labs,|Location Based Services|Security|Mobile|,Security,USA,CA,SF Bay Area,Emeryville,/organization/avg,AVG Technologies,|Software|Security|,Software,USA,MA,Boston,Chelmsford,2014-09-03,2014-09,2014-Q3,2014.0,220000000,USD,25800000
237,/organization/loopt,Loopt,|Location Based Services|Networking|Mobile|,Networking,USA,CA,SF Bay Area,Mountain View,/organization/green-dot-corporation,Green Dot Corporation,|Finance|,Finance,USA,CA,Los Angeles,Pasadena,2012-03-09,2012-03,2012-Q1,2012.0,43000000,USD,32000000
240,/organization/ls9,LS9,|Biotechnology|,Biotechnology,USA,CA,SF Bay Area,South San Francisco,/organization/renewable-energy-group,Renewable Energy Group,|Chemicals|Clean Technology|,Chemicals,USA,IA,Des Moines,Ames,2014-01-23,2014-01,2014-Q1,2014.0,61500000,USD,75000000
243,/organization/m-metrics,M:Metrics,|Demographies|Test and Measurement|Mobile|,Demographies,USA,WA,Seattle,Seattle,/organization/comscore,comScore,|Business Services|Curated Web|,Business Services,USA,VA,"Washington, D.C.",Reston,2008-05-28,2008-05,2008-Q2,2008.0,44000000,USD,18000000
246,/organization/maker-studios,Maker Studios,|Games|,Games,USA,CA,Los Angeles,Culver City,/organization/the-walt-disney-company,The Walt Disney Company,|Entertainment|Media|Games|,Games,USA,CA,Los Angeles,Burbank,2014-03-24,2014-03,2014-Q1,2014.0,500000000,USD,63500000
249,/organization/map-pharmaceuticals,MAP Pharmaceuticals,|Medical|Pharmaceuticals|Biotechnology|,Medical,USA,CA,SF Bay Area,Mountain View,/organization/allergan,Allergan,|Medical|Pharmaceuticals|Biotechnology|,Medical,USA,CA,Anaheim,Irvine,2013-01-22,2013-01,2013-Q1,2013.0,958000000,USD,50000000
250,/organization/mapmyfitness,MapMyFitness,|Sports|Android|iPhone|Fitness|Health and Wellness|,Android,USA,CO,Denver,Denver,/organization/under-armour,Under Armour,|Sporting Goods|E-Commerce|,Sporting Goods,USA,MD,Baltimore,Baltimore,2013-11-14,2013-11,2013-Q4,2013.0,150000000,USD,19000000
252,/organization/meebo,Meebo,|Web Development|Social Network Media|Internet|Chat|Messaging|Curated Web|,Internet,USA,CA,SF Bay Area,Mountain View,/organization/google,Google,|Software|Video Streaming|Information Technology|Blogging Platforms|Email|Search|,Service Provider,USA,CA,SF Bay Area,Mountain View,2012-06-04,2012-06,2012-Q2,2012.0,100000000,USD,65000000
254,/organization/merchantcircle,MerchantCircle,|Direct Marketing|Estimation and Quoting|Advice|Consumers|Business Services|Local|Curated Web|,Local,USA,CA,SF Bay Area,Mountain View,/organization/reply-com,Reply! Inc.,|Lead Generation|Internet Marketing|Advertising|,Advertising,USA,CA,SF Bay Area,San Ramon,2011-06-22,2011-06,2011-Q2,2011.0,60000000,USD,14300000
255,/organization/messageme,MessageMe,|Chat|Mobile|Messaging|,Chat,USA,CA,SF Bay Area,San Francisco,/organization/yahoo,Yahoo!,|Photography|Email|Portals|Search|Curated Web|,Service Provider,USA,CA,SF Bay Area,Sunnyvale,2014-10-06,2014-10,2014-Q4,2014.0,30000000,USD,10000000
256,/organization/messageone,MessageOne,|Messaging|,Messaging,USA,TX,Austin,Austin,/organization/dell,Dell,|Hardware + Software|,Hardware + Software,USA,TX,Austin,Round Rock,2008-02-13,2008-02,2008-Q1,2008.0,155000000,USD,10000000
259,/organization/mimosa-systems,Mimosa Systems,|Software|,Software,USA,CA,SF Bay Area,Santa Clara,/organization/iron-mountain,Iron Mountain,|Security|,Security,USA,MA,Boston,Boston,2010-02-22,2010-02,2010-Q1,2010.0,112000000,USD,48000000
260,/organization/mint,Mint,|Finance|Curated Web|,Finance,USA,CA,SF Bay Area,Mountain View,/organization/intuit,Intuit,|Computers|Software|,Computers,USA,CA,SF Bay Area,Mountain View,2009-09-01,2009-09,2009-Q3,2009.0,170000000,USD,30700000
261,/organization/miyowa,Miyowa,|Social Media|,Social Media,USA,CA,SF Bay Area,San Francisco,/organization/synchronoss-technologies,Synchronoss Technologies,|Technology|Software|,Technology,USA,NJ,Newark,Bridgewater,2012-01-05,2012-01,2012-Q1,2012.0,59000000,USD,11725600
263,/organization/mobileaccess-networks,MobileAccess Networks,|Mobile|,Mobile,USA,VA,"Washington, D.C.",Vienna,/organization/corning,Corning,|Utilities|Manufacturing|,Utilities,USA,NY,Elmira,Corning,2011-01-31,2011-01,2011-Q1,2011.0,200000000,USD,24000000
264,/organization/mobilespaces,MobileSpaces,|Cloud Computing|Enterprises|Mobile Devices|Security|Mobile|,Mobile,USA,MD,"Washington, D.C.",Silver Spring,/organization/pulse-secure,Pulse Secure,|Mobile Security|Networking|Business Services|,Networking,USA,CA,SF Bay Area,San Jose,2014-10-05,2014-10,2014-Q4,2014.0,100000000,USD,11600000
265,/organization/mopub,MoPub,|Mobile Advertising|Advertising|Mobile|,Mobile Advertising,USA,CA,SF Bay Area,San Francisco,/organization/twitter,Twitter,|Software|SMS|MicroBlogging|Messaging|Social Media|,Software,USA,CA,SF Bay Area,San Francisco,2013-09-09,2013-09,2013-Q3,2013.0,350000000,USD,18500000
267,/organization/mu-dynamics,Mu Dynamics,|Web Hosting|,Web Hosting,USA,CA,SF Bay Area,Sunnyvale,/organization/spirent,Spirent Communications,|Network Security|Location Based Services|Mobile|Wireless|Internet|VoIP|Public Relations|,VoIP,USA,CA,SF Bay Area,Sunnyvale,2012-04-20,2012-04,2012-Q2,2012.0,40000000,USD,24000000
271,/organization/mynewplace,MyNewPlace,|Real Estate|,Real Estate,USA,CA,SF Bay Area,San Francisco,/organization/realpage,RealPage,|Software|,Software,USA,TX,Dallas,Carrollton,2011-08-22,2011-08,2011-Q3,2011.0,74400000,USD,20000000
272,/organization/mysql,MySQL,|Lighting|Open Source|Databases|Enterprise Software|,Databases,USA,CA,SF Bay Area,Cupertino,/organization/sun-microsystems,Sun Microsystems,|Software|Hardware|Computers|Enterprise Software|,Enterprise Software,USA,CA,SF Bay Area,Santa Clara,2008-01-01,2008-01,2008-Q1,2008.0,1000000000,USD,39800000
273,/organization/navini-networks,Navini Networks,|Web Hosting|,Web Hosting,USA,TX,Dallas,Richardson,/organization/cisco,Cisco,|Software|Hardware|Networking|Web Hosting|,Enterprise Software,USA,CA,SF Bay Area,San Jose,2007-10-23,2007-10,2007-Q4,2007.0,330000000,USD,13420000
278,/organization/network-intelligence,Network Intelligence,|Security|,Security,USA,MA,Boston,Westwood,/organization/emc,EMC,|Big Data|Infrastructure|Enterprise Software|,Big Data,USA,MA,Boston,Hopkinton,2006-09-18,2006-09,2006-Q3,2006.0,175000000,USD,12000000
279,/organization/networks-in-motion,Networks in Motion,|Wireless|Navigation|Maps|SEO|Mobile|,Navigation,USA,CA,Anaheim,Aliso Viejo,/organization/telecommunication-systems,TeleCommunication Systems,|Mobile|,Mobile,USA,MD,Baltimore,Annapolis,2009-12-01,2009-12,2009-Q4,2009.0,170000000,USD,15000000
282,/organization/nexage,NEXAGE,|Mobile Advertising|Advertising|Mobile|,Mobile Advertising,USA,MA,Boston,Boston,/organization/millennial-media,Millennial Media,|App Marketing|Mobile Advertising|Mobile|Advertising|,Advertising,USA,MD,Baltimore,Baltimore,2014-09-23,2014-09,2014-Q3,2014.0,107500000,USD,19000000
291,/organization/omgpop,OMGPOP,|Auctions|Online Dating|Games|,Auctions,USA,NY,New York City,New York,/organization/zynga,Zynga,|Technology|Facebook Applications|Networking|Games|,Technology,USA,CA,SF Bay Area,San Francisco,2012-03-21,2012-03,2012-Q1,2012.0,210000000,USD,16600000
293,/organization/onavo,Onavo,|Mobile|,Mobile,USA,CA,SF Bay Area,Palo Alto,/organization/facebook,Facebook,|Communities|Identity|All Students|Colleges|Facebook Applications|Social Media|,Social Media,USA,CA,SF Bay Area,Menlo Park,2013-10-14,2013-10,2013-Q4,2013.0,150000000,USD,13000000
299,/organization/optimedica,OptiMedica,|Biotechnology|,Biotechnology,USA,CA,SF Bay Area,Santa Clara,/organization/abbott,Abbott Labs,|Health and Wellness|Venture Capital|Medical|Biotechnology|,Health and Wellness,USA,IL,Chicago,Des Plaines,2013-07-15,2013-07,2013-Q3,2013.0,400000000,USD,51000000
306,/organization/parature,Parature,|Customer Service|Customer Support Tools|Software|,Customer Service,USA,VA,"Washington, D.C.",Herndon,/organization/microsoft,Microsoft,|Video Games|Software|,Software,USA,WA,Seattle,Redmond,2014-01-06,2014-01,2014-Q1,2014.0,100000000,USD,29500000
309,/organization/peak-surgical,PEAK Surgical,|Health Care|,Health Care,USA,CA,SF Bay Area,Palo Alto,/organization/medtronic,Medtronic,|Medical Devices|Biotechnology|,Medical Devices,USA,MN,Minneapolis,Minneapolis,2011-07-07,2011-07,2011-Q3,2011.0,120000000,USD,29000000
312,/organization/pgp-corporation,PGP Corporation,|Software|,Software,USA,CA,SF Bay Area,Menlo Park,/organization/symantec,Symantec,|Security|,Security,USA,CA,SF Bay Area,Mountain View,2010-04-29,2010-04,2010-Q2,2010.0,300000000,USD,27300000
316,/organization/plaxo,Plaxo,|Trading|Synchronization|Databases|Contact Management|Curated Web|,Curated Web,USA,CA,SF Bay Area,Sunnyvale,/organization/comcast,Comcast,|Web Hosting|,Web Hosting,USA,PA,Philadelphia,Philadelphia,2008-05-14,2008-05,2008-Q2,2008.0,150000000,USD,28300000
317,/organization/playdom,Playdom,|Apps|Entertainment|Games|,Games,USA,CA,SF Bay Area,Palo Alto,/organization/the-walt-disney-company,The Walt Disney Company,|Entertainment|Media|Games|,Games,USA,CA,Los Angeles,Burbank,2010-07-27,2010-07,2010-Q3,2010.0,763200000,USD,76000000
318,/organization/playspan,PlaySpan,|Game|Games|,Games,USA,CA,SF Bay Area,Santa Clara,/organization/visa,Visa,|Business Services|,Business Services,USA,CA,SF Bay Area,San Francisco,2011-02-09,2011-02,2011-Q1,2011.0,190000000,USD,41300000
319,/organization/pliant-technology,Pliant Technology,|Enterprise Software|,Enterprise Software,USA,CA,SF Bay Area,Milpitas,/organization/sandisk,SanDisk,|Curated Web|,Curated Web,USA,CA,SF Bay Area,Milpitas,2011-05-16,2011-05,2011-Q2,2011.0,327000000,USD,23000000
321,/organization/pluck,Pluck,|Curated Web|,Curated Web,USA,TX,Austin,Austin,/organization/demandmedia,Demand Media,|Social Media|Music|Content|News|,Social Media,USA,CA,Los Angeles,Santa Monica,2008-03-04,2008-03,2008-Q1,2008.0,75000000,USD,17000000
324,/organization/postpath,PostPath,|Messaging|,Messaging,USA,CA,SF Bay Area,Mountain View,/organization/cisco,Cisco,|Software|Hardware|Networking|Web Hosting|,Enterprise Software,USA,CA,SF Bay Area,San Jose,2008-08-27,2008-08,2008-Q3,2008.0,215000000,USD,24300000
325,/organization/powerdsine,PowerDsine,|Industrial Automation|Intelligent Systems|VoIP|,VoIP,USA,CA,Anaheim,Aliso Viejo,/organization/microsemi-corporation,Microsemi,|Semiconductors|,Semiconductors,USA,CA,Anaheim,Aliso Viejo,2006-10-01,2006-10,2006-Q4,2006.0,245000000,USD,64000000
326,/organization/powerreviews,PowerReviews,|Software|Reviews and Recommendations|Analytics|Social Commerce|,Software,USA,IL,Chicago,Chicago,/organization/viewpoints,Viewpoints,|Reviews and Recommendations|Software|,Reviews and Recommendations,USA,IL,Chicago,Chicago,2014-06-05,2014-06,2014-Q2,2014.0,30000000,USD,56250000
327,/organization/powerreviews,PowerReviews,|Software|Reviews and Recommendations|Analytics|Social Commerce|,Software,USA,IL,Chicago,Chicago,/organization/bazaarvoice,Bazaarvoice,|SaaS|Social Media|Networking|Internet|Social Commerce|Reviews and Recommendations|Content|E-Commerce|Software|,E-Commerce,USA,TX,Austin,Austin,2012-05-24,2012-05,2012-Q2,2012.0,151000000,USD,56250000
328,/organization/powerset,Powerset,|Search|,Search,USA,CA,SF Bay Area,San Francisco,/organization/microsoft,Microsoft,|Video Games|Software|,Software,USA,WA,Seattle,Redmond,2008-07-01,2008-07,2008-Q3,2008.0,100000000,USD,14500000
330,/organization/primaeva-medical,Primaeva Medical,|Health Care|,Health Care,USA,CA,SF Bay Area,Pleasanton,/organization/syneron-medical,Syneron Medical,|Biotechnology|,Biotechnology,USA,CA,Anaheim,Irvine,2009-10-15,2009-10,2009-Q4,2009.0,30000000,USD,14250000
331,/organization/prism-pharmaceuticals,Prism Pharmaceuticals,|Medical|Pharmaceuticals|Biotechnology|,Medical,USA,PA,Philadelphia,King Of Prussia,/organization/baxter-international,Baxter International,|Medical|Biotechnology|,Medical,USA,IL,Chicago,Deerfield,2011-04-18,2011-04,2011-Q2,2011.0,338000000,USD,15000000
332,/organization/prolexic,Prolexic Technologies,|Enterprise Software|,Enterprise Software,USA,FL,Ft. Lauderdale,Hollywood,/organization/akamai-technologies,Akamai Technologies,|SaaS|IaaS|Digital Media|Video Streaming|Data Security|Content Delivery|Cloud Computing|Business Services|Enterprise Software|,Business Services,USA,MA,Boston,Cambridge,2014-02-18,2014-02,2014-Q1,2014.0,390000000,USD,38000000
334,/organization/provigent-inc,Provigent,|Semiconductors|,Semiconductors,USA,CA,SF Bay Area,Santa Clara,/organization/broadcom,Broadcom,|Semiconductors|Mobile|,Semiconductors,USA,CA,Anaheim,Irvine,2011-03-21,2011-03,2011-Q1,2011.0,314000000,USD,27000000
336,/organization/pure-digital-technologies,Pure Digital Technologies,|Video Streaming|Social Network Media|Video|Hardware + Software|,Hardware + Software,USA,CA,Anaheim,Irvine,/organization/cisco,Cisco,|Software|Hardware|Networking|Web Hosting|,Enterprise Software,USA,CA,SF Bay Area,San Jose,2009-03-19,2009-03,2009-Q1,2009.0,590000000,USD,68000000
337,/organization/pure-networks,Pure Networks,|Web Hosting|,Web Hosting,USA,WA,Seattle,Seattle,/organization/cisco,Cisco,|Software|Hardware|Networking|Web Hosting|,Enterprise Software,USA,CA,SF Bay Area,San Jose,2008-07-22,2008-07,2008-Q3,2008.0,120000000,USD,12500000
339,/organization/quantalife,QuantaLife,|Biotechnology|,Biotechnology,USA,CA,SF Bay Area,Pleasanton,/organization/bio-rad-laboratories,Bio-Rad Laboratories,|Biotechnology|,Biotechnology,USA,CA,SF Bay Area,Hercules,2011-10-05,2011-10,2011-Q4,2011.0,162000000,USD,17200000
340,/organization/quattro-wireless,Quattro Wireless,|Advertising|,Advertising,USA,MA,Boston,Waltham,/organization/apple,Apple,|Computers|Consumer Electronics|Hardware + Software|,Hardware + Software,USA,CA,SF Bay Area,Cupertino,2010-01-05,2010-01,2010-Q1,2010.0,275000000,USD,28300000
341,/organization/quidsi,Quidsi,|E-Commerce|,E-Commerce,USA,NJ,Newark,Jersey City,/organization/amazon,Amazon,|Consumer Goods|Groceries|Crowdsourcing|E-Commerce|,Consumer Goods,USA,WA,Seattle,Seattle,2010-11-08,2010-11,2010-Q4,2010.0,545000000,USD,58500000
343,/organization/qumas,Qumas,|Software|,Software,USA,NJ,Newark,Jersey City,/organization/accelrys,Accelrys,|Software|,Software,USA,CA,San Diego,San Diego,2013-12-09,2013-12,2013-Q4,2013.0,50000000,USD,10000000
345,/organization/reconnex,Reconnex,|Data Security|Security|,Data Security,USA,CA,SF Bay Area,Mountain View,/organization/mcafee,McAfee,|Security|,Security,USA,CA,SF Bay Area,Santa Clara,2008-07-07,2008-07,2008-Q3,2008.0,46000000,USD,16000000
346,/organization/recurrent-energy,Recurrent Energy,|Clean Technology|,Clean Technology,USA,CA,SF Bay Area,San Francisco,/organization/sharp-electronics,Sharp Electronics,|Hardware + Software|,Hardware + Software,USA,NJ,Newark,Mahwah,2010-09-22,2010-09,2010-Q3,2010.0,305000000,USD,85000000
348,/organization/redwood-systems,Redwood Systems,|Clean Technology|,Clean Technology,USA,CA,SF Bay Area,Fremont,/organization/commscope-enterprise-solutions,CommScope,|Communications Hardware|Broadcasting|Hardware + Software|,Broadcasting,USA,TX,Dallas,Richardson,2013-07-09,2013-07,2013-Q3,2013.0,60000000,USD,30750000
349,/organization/relateiq,RelateIQ,|Enterprise Software|,Enterprise Software,USA,CA,SF Bay Area,Palo Alto,/organization/salesforce,Salesforce,|Software|Hardware + Software|Enterprises|Cloud Computing|,Enterprise Software,USA,CA,SF Bay Area,San Francisco,2014-07-11,2014-07,2014-Q3,2014.0,390000000,USD,69000000
351,/organization/rempex-pharmaceuticals,Rempex Pharmaceuticals,|Biotechnology|,Biotechnology,USA,CA,San Diego,San Diego,/organization/the-medicines-company,The Medicines Company,|Biotechnology|,Biotechnology,USA,NJ,Newark,Parsippany,2013-12-04,2013-12,2013-Q4,2013.0,464000000,USD,67500000
352,/organization/rent-com,Rent.com,|Curated Web|,Curated Web,USA,CA,Los Angeles,Santa Monica,/organization/ebay,eBay,|Internet|Business Services|All Markets|Search|Auctions|E-Commerce|,Business Services,USA,CA,SF Bay Area,San Jose,2004-12-01,2004-12,2004-Q4,2004.0,415000000,USD,17000000
354,/organization/reva-systems,Reva Systems,|Hardware + Software|,Hardware + Software,USA,MA,Boston,Westford,/organization/odin,ODIN,|Health Care|Social Media|Software|,Health Care,USA,VA,"Washington, D.C.",Ashburn,2010-12-14,2010-12,2010-Q4,2010.0,50000000,USD,23500000
357,/organization/rhythm-newmedia,Rhythm NewMedia,|App Marketing|Mobile Video|Advertising|,Advertising,USA,CA,SF Bay Area,Mountain View,/organization/blinkx,blinkx,|Search|Games|,Games,USA,CA,SF Bay Area,San Francisco,2013-12-03,2013-12,2013-Q4,2013.0,65000000,USD,23101322
358,/organization/right-media,Right Media,|Advertising|,Advertising,USA,NY,New York City,New York,/organization/yahoo,Yahoo!,|Photography|Email|Portals|Search|Curated Web|,Service Provider,USA,CA,SF Bay Area,Sunnyvale,2007-04-01,2007-04,2007-Q2,2007.0,850000000,USD,45000000
359,/organization/rockmelt,Rockmelt,|Facebook Applications|Browser Extensions|Social Media|,Browser Extensions,USA,CA,SF Bay Area,Mountain View,/organization/yahoo,Yahoo!,|Photography|Email|Portals|Search|Curated Web|,Service Provider,USA,CA,SF Bay Area,Sunnyvale,2013-08-01,2013-08,2013-Q3,2013.0,65000000,USD,38200000
362,/organization/buddymedia,Salesforce Buddy Media,|Social Network Media|Social Media Marketing|Apps|SaaS|Software|Media|Social Media|Facebook Applications|Enterprise Software|,Social Network Media,USA,NY,New York City,New York,/organization/salesforce,Salesforce,|Software|Hardware + Software|Enterprises|Cloud Computing|,Enterprise Software,USA,CA,SF Bay Area,San Francisco,2012-06-04,2012-06,2012-Q2,2012.0,689000000,USD,85000000
364,/organization/sandforce,SandForce,|Storage|Enterprise Software|,Enterprise Software,USA,CA,SF Bay Area,Milpitas,/organization/lsi,LSI,|Semiconductors|Video|Hardware + Software|,Semiconductors,USA,CA,SF Bay Area,Milpitas,2011-10-26,2011-10,2011-Q4,2011.0,400000000,USD,46000000
366,/organization/scanscout,ScanScout,|Advertising|,Advertising,USA,MA,Boston,Boston,/organization/tremor-video,Tremor Video,|Advertising|,Advertising,USA,NY,New York City,New York,2010-12-08,2010-12,2010-Q4,2010.0,86000000,USD,15500000
368,/organization/seamicro,SeaMicro,|Web Hosting|,Web Hosting,USA,CA,SF Bay Area,Sunnyvale,/organization/amd,AMD,|Hardware + Software|,Hardware + Software,USA,CA,SF Bay Area,Sunnyvale,2012-03-23,2012-03,2012-Q1,2012.0,334000000,USD,20000000
370,/organization/semprus-biosciences,Semprus BioSciences,|Biotechnology|,Biotechnology,USA,MA,Boston,Cambridge,/organization/teleflex,Teleflex,|Medical Devices|,Medical Devices,USA,PA,Philadelphia,Royersford,2012-06-25,2012-06,2012-Q2,2012.0,30000000,USD,26000000
373,/organization/seragon-pharmaceuticals,Seragon Pharmaceuticals,|Biotechnology|,Biotechnology,USA,CA,San Diego,San Diego,/organization/genentech,Genentech,|Biotechnology|,Biotechnology,USA,CA,SF Bay Area,South San Francisco,2014-07-01,2014-07,2014-Q3,2014.0,725000000,USD,30000000
376,/organization/sidestep,SideStep,|Ticketing|Hotels|Travel|,Hotels,USA,CA,SF Bay Area,Santa Clara,/organization/kayak,KAYAK,|Travel|Search|,Travel,USA,CT,Hartford,Stamford,2007-12-01,2007-12,2007-Q4,2007.0,180000000,USD,32000000
377,/organization/sierra-design-automation,Sierra Design Automation,|Semiconductors|,Semiconductors,USA,CA,SF Bay Area,Santa Clara,/organization/mentor-graphics,Mentor Graphics,|Software|,Software,USA,OR,"Portland, Oregon",Wilsonville,2007-06-11,2007-06,2007-Q2,2007.0,100000000,USD,19000000
378,/organization/sierra-monolithics,Sierra Monolithics,|Public Relations|,Public Relations,USA,CA,Los Angeles,Redondo Beach,/organization/semtech,Semtech,|Semiconductors|,Semiconductors,USA,CA,Santa Barbara,Camarillo,2009-11-19,2009-11,2009-Q4,2009.0,180000000,USD,25200000
381,/organization/siliconblue-technologies,SiliconBlue Technologies,|Semiconductors|,Semiconductors,USA,CA,SF Bay Area,Santa Clara,/organization/lattice-semiconductor,Lattice Semiconductor,|Semiconductors|,Semiconductors,USA,OR,"Portland, Oregon",Hillsboro,2011-12-08,2011-12,2011-Q4,2011.0,62000000,USD,57005567
382,/organization/silver-tail-systems,Silver Tail Systems,|Software|Fraud Detection|Security|Analytics|,Fraud Detection,USA,CA,SF Bay Area,Menlo Park,/organization/emc,EMC,|Big Data|Infrastructure|Enterprise Software|,Big Data,USA,MA,Boston,Hopkinton,2012-10-30,2012-10,2012-Q4,2012.0,250000000,USD,22100000
383,/organization/silversky,Silversky,|Information Technology|Network Security|Security|Software|,Information Technology,USA,CT,Hartford,Milford,/organization/bae-systems,BAE Systems,|Transportation|Manufacturing|,Transportation,USA,MD,"Washington, D.C.",Rockville,2014-10-21,2014-10,2014-Q4,2014.0,232500000,USD,54000000
387,/organization/siperian,Siperian,|Analytics|,Analytics,USA,CA,SF Bay Area,Foster City,/organization/informatica,Informatica,|Big Data Analytics|Mobile Devices|Cloud Computing|Data Integration|Software|,Mobile Devices,USA,CA,SF Bay Area,Redwood City,2010-01-29,2010-01,2010-Q1,2010.0,130000000,USD,25000000
388,/organization/sirtris-pharmaceuticals,Sirtris Pharmaceuticals,|Health Care|Pharmaceuticals|Biotechnology|,Pharmaceuticals,USA,MA,Boston,Cambridge,/organization/glaxosmithkline,GlaxoSmithKline,|Health Care|Health and Wellness|Pharmaceuticals|Biotechnology|,Health Care,USA,NJ,Newark,Middlesex,2008-04-22,2008-04,2008-Q2,2008.0,720000000,USD,77000000
389,/organization/skybox-imaging,Skybox Imaging,|Aerospace|Big Data|,Aerospace,USA,CA,SF Bay Area,Mountain View,/organization/google,Google,|Software|Video Streaming|Information Technology|Blogging Platforms|Email|Search|,Service Provider,USA,CA,SF Bay Area,Mountain View,2014-06-10,2014-06,2014-Q2,2014.0,500000000,USD,91000000
390,/organization/slide,Slide,|Software|Social Network Media|Photography|Web Tools|Public Relations|,Photography,USA,CA,SF Bay Area,San Francisco,/organization/google,Google,|Software|Video Streaming|Information Technology|Blogging Platforms|Email|Search|,Service Provider,USA,CA,SF Bay Area,Mountain View,2010-08-06,2010-08,2010-Q3,2010.0,182000000,USD,78000000
392,/organization/slingmedia,Sling Media,|Television|Hardware + Software|,Hardware + Software,USA,CA,SF Bay Area,Foster City,/organization/echostar,EchoStar,|Hardware + Software|,Hardware + Software,USA,CO,Denver,Englewood,2007-09-24,2007-09,2007-Q3,2007.0,380000000,USD,14500000
396,/organization/smartsynch,SmartSynch,|Web Hosting|,Web Hosting,USA,MS,Jackson,Jackson,/organization/itron,Itron,|Water|Clean Energy|Clean Technology|,Water,USA,WA,WA - Other,Liberty Lake,2012-02-15,2012-02,2012-Q1,2012.0,100000000,USD,12000000
397,/organization/snapfish,Snapfish,|Photography|,Photography,USA,CA,SF Bay Area,San Francisco,/organization/hewlett-packard,Hewlett-Packard,|Information Technology|Curated Web|,Hardware + Software,USA,CA,SF Bay Area,Palo Alto,2005-04-01,2005-04,2005-Q2,2005.0,300000000,USD,43500000
398,/organization/snapin-software,SNAPin Software,|Software|,Software,USA,WA,Seattle,Bellevue,/organization/nuance,Nuance Communications,|Software|,Software,USA,MA,Boston,Burlington,2008-08-13,2008-08,2008-Q3,2008.0,204260000,USD,22300000
402,/organization/solidcore-systems,Solidcore Systems,|Software|,Software,USA,CA,SF Bay Area,Cupertino,/organization/mcafee,McAfee,|Security|,Security,USA,CA,SF Bay Area,Santa Clara,2009-05-15,2009-05,2009-Q2,2009.0,47000000,USD,40000000
403,/organization/solstice-neurosciences,Solstice Neurosciences,|Biotechnology|,Biotechnology,USA,CA,SF Bay Area,South San Francisco,/organization/us-worldmeds,US WorldMeds,|Health Care|,Health Care,USA,OH,Akron - Canton,Louisville,2010-08-13,2010-08,2010-Q3,2010.0,35700000,USD,85000000
406,/organization/spaceclaim,SpaceClaim,|Software|,Software,USA,MA,Boston,Concord,/organization/ansys,ANSYS,|Software|,Software,USA,PA,Pittsburgh,Canonsburg,2014-05-01,2014-05,2014-Q2,2014.0,85000000,USD,49000000
407,/organization/spaceclaim,SpaceClaim,|Software|,Software,USA,MA,Boston,Concord,/organization/ansys,ANSYS,|Software|,Software,USA,PA,Pittsburgh,Canonsburg,2014-05-01,2014-05,2014-Q2,2014.0,85000000,USD,49000000
408,/organization/springsource,SpringSource,|Software|,Software,USA,CA,SF Bay Area,San Mateo,/organization/vmware,VMware,|Software|,Software,USA,CA,SF Bay Area,Palo Alto,2009-08-10,2009-08,2009-Q3,2009.0,362000000,USD,37339356
410,/organization/starcite,"StarCite, Part of Active Network",|Curated Web|,Curated Web,USA,PA,Philadelphia,Philadelphia,/organization/activenetwork,ACTIVE Network,|Software|,Software,USA,TX,Dallas,Dallas,2010-12-30,2010-12,2010-Q4,2010.0,51000000,USD,15000000
411,/organization/storwize,Storwize,|Storage|,Storage,USA,MA,Boston,Marlborough,/organization/ibm,IBM,|Software|,Software,USA,NY,New York City,Armonk,2010-06-14,2010-06,2010-Q2,2010.0,140000000,USD,28000000
412,/organization/stromedix,Stromedix,|Biotechnology|,Biotechnology,USA,MA,Boston,Cambridge,/organization/biogen-idec,Biogen Idec,|Health and Wellness|Biotechnology|,Health and Wellness,USA,MA,Boston,Weston,2014-02-01,2014-02,2014-Q1,2014.0,750000000,USD,28000000
415,/organization/surgient,Surgient,|Software|,Software,USA,TX,Austin,Austin,/organization/quest-software,Quest Software,|Software|,Software,USA,CA,Anaheim,Aliso Viejo,2010-11-10,2010-11,2010-Q4,2010.0,35000000,USD,20000000
421,/organization/taligen-therapeutics,Taligen Therapeutics,|Health and Wellness|Pharmaceuticals|Biotechnology|,Biotechnology,USA,MA,Boston,Cambridge,/organization/alexion-pharmaceuticals,Alexion Pharmaceuticals,|Health and Wellness|Medical|Biotechnology|,Medical,USA,CT,Hartford,Cheshire,2011-01-31,2011-01,2011-Q1,2011.0,111000000,USD,78750000
422,/organization/tapcommerce,TapCommerce,|Mobile|,Mobile,USA,NY,New York City,New York,/organization/twitter,Twitter,|Software|SMS|MicroBlogging|Messaging|Social Media|,Software,USA,CA,SF Bay Area,San Francisco,2014-06-30,2014-06,2014-Q2,2014.0,100000000,USD,10500000
424,/organization/teknovus,Teknovus,|Semiconductors|,Semiconductors,USA,CA,Napa Valley,Petaluma,/organization/broadcom,Broadcom,|Semiconductors|Mobile|,Semiconductors,USA,CA,Anaheim,Irvine,2010-03-08,2010-03,2010-Q1,2010.0,123000000,USD,57000000
425,/organization/telecommunication-systems,TeleCommunication Systems,|Mobile|,Mobile,USA,MD,Baltimore,Annapolis,/organization/networks-in-motion,Networks in Motion,|Wireless|Navigation|Maps|SEO|Mobile|,Navigation,USA,CA,Anaheim,Aliso Viejo,2009-12-15,2009-12,2009-Q4,2009.0,181000000,USD,15000000
427,/organization/teranetics,Teranetics,|Semiconductors|,Semiconductors,USA,CA,SF Bay Area,San Jose,/organization/plx-technology,PLX Technology,|Semiconductors|,Semiconductors,USA,CA,SF Bay Area,Sunnyvale,2010-09-27,2010-09,2010-Q3,2010.0,35800000,USD,20000000
429,/organization/huffingtonpost,The Huffington Post,|Publishing|Media|News|,Publishing,USA,NY,New York City,New York,/organization/aol,AOL,|Advertising Platforms|Content Creators|Digital Media|News|,Service Provider,USA,NY,New York City,New York,2011-02-07,2011-02,2011-Q1,2011.0,315000000,USD,35000000
430,/organization/huffingtonpost,The Huffington Post,|Publishing|Media|News|,Publishing,USA,NY,New York City,New York,/organization/aol,AOL,|Advertising Platforms|Content Creators|Digital Media|News|,Service Provider,USA,NY,New York City,New York,2011-02-07,2011-02,2011-Q1,2011.0,315000000,USD,35000000
432,/organization/ticketsnow,TicketsNow,|Auctions|E-Commerce|,Auctions,USA,IL,Chicago,Rolling Meadows,/organization/ticketmaster,Ticketmaster,|Curated Web|,Curated Web,USA,CA,Los Angeles,West Hollywood,2008-01-01,2008-01,2008-Q1,2008.0,265000000,USD,34000000
433,/organization/tier-3-2,Tier 3,|Cloud Computing|PaaS|IaaS|Enterprise Software|,Enterprise Software,USA,WA,Seattle,Bellevue,/organization/centurylink,CenturyLink,|Public Relations|,Public Relations,USA,LA,Monroe,Monroe,2013-11-19,2013-11,2013-Q4,2013.0,200000000,USD,18500000
435,/organization/topera,Topera,|3D|Medical|Medical Devices|Health Care|,Medical Devices,USA,CA,San Diego,San Diego,/organization/abbott,Abbott Labs,|Health and Wellness|Venture Capital|Medical|Biotechnology|,Health and Wellness,USA,IL,Chicago,Des Plaines,2014-10-29,2014-10,2014-Q4,2014.0,250000000,USD,25000000
436,/organization/topsy-labs,Topsy Labs,|Twitter Applications|Social Media|Real Time|Search|Analytics|,Twitter Applications,USA,CA,SF Bay Area,San Francisco,/organization/apple,Apple,|Computers|Consumer Electronics|Hardware + Software|,Hardware + Software,USA,CA,SF Bay Area,Cupertino,2013-12-02,2013-12,2013-Q4,2013.0,200000000,USD,26900000
438,/organization/trapeze-networks,Trapeze Networks,|Wireless|Security|,Wireless,USA,CA,SF Bay Area,Pleasanton,/organization/juniper-networks,Juniper Networks,|Communications Hardware|Technology|Security|,Communications Hardware,USA,CA,SF Bay Area,Sunnyvale,2010-11-01,2010-11,2010-Q4,2010.0,152000000,USD,47500000
439,/organization/trapeze-networks,Trapeze Networks,|Wireless|Security|,Wireless,USA,CA,SF Bay Area,Pleasanton,/organization/belden,Belden,|Manufacturing|,Manufacturing,USA,MO,St. Louis,St Louis,2008-06-06,2008-06,2008-Q2,2008.0,133000000,USD,47500000
441,/organization/tripit,TripIt,|Social Media|Travel|,Social Media,USA,CA,SF Bay Area,San Francisco,/organization/concur-technologies,Concur Technologies,|Technology|Cloud Management|Travel|Software|,Travel,USA,WA,Seattle,Redmond,2011-01-13,2011-01,2011-Q1,2011.0,120000000,USD,12100000
442,/organization/troika-networks,Troika Networks,|Web Hosting|,Web Hosting,USA,CA,Los Angeles,Westlake Village,/organization/qlogic,QLogic,|Web Hosting|,Web Hosting,USA,CA,Anaheim,Aliso Viejo,2005-10-19,2005-10,2005-Q4,2005.0,36500000,USD,14400000
443,/organization/trovix,Trovix,|Search|Consulting|,Search,USA,CA,SF Bay Area,Mountain View,/organization/monster,Monster,|Employment|Search|,Employment,USA,NY,New York City,New York,2008-07-31,2008-07,2008-Q3,2008.0,72500000,USD,18250000
445,/organization/the-trunk-club,Trunk Club,|Retail|Fashion|,Fashion,USA,IL,Chicago,Chicago,/organization/nordstrom,Nordstrom,|Consumer Goods|Brand Marketing|Fashion|,Fashion,USA,WA,Seattle,Seattle,2014-07-31,2014-07,2014-Q3,2014.0,350000000,USD,11000000
446,/organization/trustedid,TrustedID,|Security|,Security,USA,CA,SF Bay Area,Palo Alto,/organization/equifax,Equifax,|Consulting|,Consulting,USA,GA,Atlanta,Atlanta,2013-07-08,2013-07,2013-Q3,2013.0,30000000,USD,25000000
449,/organization/turbine,Turbine,|Social Games|Games|,Games,USA,CA,SF Bay Area,Redwood City,/organization/warner-bros,Warner Bros.,|Entertainment Industry|Film Production|TV Production|,Film Production,USA,CA,Los Angeles,Burbank,2010-04-20,2010-04,2010-Q2,2010.0,160000000,USD,76600000
450,/organization/twitch,Twitch,|Social Media|Video Streaming|Video Games|Video|,Video Games,USA,CA,SF Bay Area,San Francisco,/organization/amazon,Amazon,|Consumer Goods|Groceries|Crowdsourcing|E-Commerce|,Consumer Goods,USA,WA,Seattle,Seattle,2014-08-25,2014-08,2014-Q3,2014.0,970000000,USD,35000000
452,/organization/vativ-technologies,Vativ Technologies,|Semiconductors|,Semiconductors,USA,CA,San Diego,San Diego,/organization/entropic-communications,Entropic Communications,|Semiconductors|,Semiconductors,USA,CA,San Diego,San Diego,2008-04-04,2008-04,2008-Q2,2008.0,43780000,USD,11000000
454,/organization/vessix-vascular,Vessix Vascular,|Health Care|,Health Care,USA,CA,Los Angeles,Laguna Hills,/organization/boston-scientific,Boston Scientific,|Life Sciences|Medical|Technology|Business Services|,Business Services,USA,MA,Boston,Natick,2012-11-01,2012-11,2012-Q4,2012.0,300000000,USD,23000000
455,/organization/vicept-therapeutics,Vicept Therapeutics,|Medical|Biotechnology|,Biotechnology,USA,PA,Philadelphia,Malvern,/organization/allergan,Allergan,|Medical|Pharmaceuticals|Biotechnology|,Medical,USA,CA,Anaheim,Irvine,2011-07-19,2011-07,2011-Q3,2011.0,275000000,USD,16000000
456,/organization/videoiq,VideoIQ,|Analytics|,Analytics,USA,MA,Boston,Bedford,/organization/avigilon-corporation,Avigilon Corporation,|Hardware + Software|,Hardware + Software,CAN,BC,Vancouver,Vancouver,2013-12-31,2013-12,2013-Q4,2013.0,32000000,USD,29000000
458,/organization/virident-systems,Virident Systems,|Technology|Clean Technology|Hardware|Enterprise Software|,Technology,USA,CA,SF Bay Area,Milpitas,/organization/western-digital-2,Western Digital,|Hardware|,Hardware,USA,CA,Anaheim,Irvine,2013-09-09,2013-09,2013-Q3,2013.0,685000000,USD,72954999
459,/organization/virident-systems,Virident Systems,|Technology|Clean Technology|Hardware|Enterprise Software|,Technology,USA,CA,SF Bay Area,Milpitas,/organization/western-digital,West,|Hardware + Software|,Hardware + Software,USA,CA,Anaheim,Lake Forest,2013-09-09,2013-09,2013-Q3,2013.0,685000000,USD,72954999
460,/organization/visiogen,Visiogen,|Health Care|,Health Care,USA,CA,Anaheim,Irvine,/organization/abbott,Abbott Labs,|Health and Wellness|Venture Capital|Medical|Biotechnology|,Health and Wellness,USA,IL,Chicago,Des Plaines,2009-09-03,2009-09,2009-Q3,2009.0,400000000,USD,40000000
462,/organization/vitrue,Vitrue,|Advertising|Sales and Marketing|Social Media Marketing|Social Media Advertising|Social Media|Enterprise Software|,Enterprise Software,USA,GA,Atlanta,Atlanta,/organization/oracle,Oracle Corporation,|Software|Hardware|Enterprise Software|,Enterprise Software,USA,CA,SF Bay Area,Redwood City,2012-05-23,2012-05,2012-Q2,2012.0,300000000,USD,30800000
464,/organization/vocalocity,Vocalocity,|Communications Hardware|VoIP|Enterprise Software|,Communications Hardware,USA,GA,Atlanta,Atlanta,/organization/vonage,Vonage,|Telecommunications|Mobile|,Telecommunications,USA,NJ,Newark,Holmdel,2013-10-10,2013-10,2013-Q4,2013.0,130000000,USD,13600000
465,/organization/vontu,Vontu,|Software|,Software,USA,CA,SF Bay Area,San Francisco,/organization/symantec,Symantec,|Security|,Security,USA,CA,SF Bay Area,Mountain View,2007-11-05,2007-11,2007-Q4,2007.0,350000000,USD,20000000
466,/organization/vovici,Vovici,|Communities|Enterprise Software|,Communities,USA,VA,"Washington, D.C.",Dulles,/organization/verint,Verint Systems,|Technology|Software|,Technology,USA,NY,Long Island,Melville,2011-07-19,2011-07,2011-Q3,2011.0,56500000,USD,16300000
469,/organization/wanova,Wanova,|Enterprise Software|,Enterprise Software,USA,CA,SF Bay Area,Campbell,/organization/vmware,VMware,|Software|,Software,USA,CA,SF Bay Area,Palo Alto,2012-05-22,2012-05,2012-Q2,2012.0,75000000,USD,23000000
472,/organization/waze,Waze,|Navigation|Transportation|,Transportation,USA,CA,SF Bay Area,Palo Alto,/organization/google,Google,|Software|Video Streaming|Information Technology|Blogging Platforms|Email|Search|,Service Provider,USA,CA,SF Bay Area,Mountain View,2013-06-11,2013-06,2013-Q2,2013.0,996000000,USD,67000000
473,/organization/freewebs,Webs,|Curated Web|,Curated Web,USA,MD,"Washington, D.C.",Silver Spring,/organization/vistaprint,Vistaprint,|Publishing|Advertising|,Publishing,USA,FL,Palm Beaches,Boca Raton,2011-12-19,2011-12,2011-Q4,2011.0,117500000,USD,12000000
474,/organization/wetpaint,Wetpaint,|Web Tools|Curated Web|,Web Tools,USA,WA,Seattle,Seattle,/organization/viggle,"Viggle, Inc.",|Multi-level Marketing|Digital Entertainment|,Multi-level Marketing,USA,NY,New York City,New York,2013-12-16,2013-12,2013-Q4,2013.0,30000000,USD,39750000
477,/organization/where-com,Where,|E-Commerce|,E-Commerce,USA,MA,Boston,Boston,/organization/paypal,PayPal,|Payments|P2P Money Transfer|E-Commerce|Databases|Finance|,Payments,USA,CA,SF Bay Area,San Jose,2011-01-01,2011-01,2011-Q1,2011.0,135000000,USD,27100000
478,/organization/where-com,Where,|E-Commerce|,E-Commerce,USA,MA,Boston,Boston,/organization/ebay,eBay,|Internet|Business Services|All Markets|Search|Auctions|E-Commerce|,Business Services,USA,CA,SF Bay Area,San Jose,2011-04-01,2011-04,2011-Q2,2011.0,135000000,USD,27100000
479,/organization/whiptail,WhipTail,|Storage|Enterprise Software|,Storage,USA,NJ,Newark,Whippany,/organization/cisco,Cisco,|Software|Hardware|Networking|Web Hosting|,Enterprise Software,USA,CA,SF Bay Area,San Jose,2013-09-11,2013-09,2013-Q3,2013.0,415000000,USD,31000000
480,/organization/wichorus,WiChorus,|Web Hosting|,Web Hosting,USA,CA,SF Bay Area,San Jose,/organization/tellabs,Tellabs,|Public Relations|,Public Relations,USA,IL,Chicago,Naperville,2009-10-22,2009-10,2009-Q4,2009.0,165000000,USD,27500000
481,/organization/widevine,Widevine Technologies,|Consumer Electronics|Internet TV|Digital Rights Management|Games|,Consumer Electronics,USA,WA,Seattle,Seattle,/organization/google,Google,|Software|Video Streaming|Information Technology|Blogging Platforms|Email|Search|,Service Provider,USA,CA,SF Bay Area,Mountain View,2010-12-16,2010-12,2010-Q4,2010.0,160000000,USD,25800000
483,/organization/wildfire-interactive,"Wildfire, a division of Google",|Advertising|Sales and Marketing|Social Media|Enterprise Software|,Social Media,USA,CA,SF Bay Area,Redwood City,/organization/google,Google,|Software|Video Streaming|Information Technology|Blogging Platforms|Email|Search|,Service Provider,USA,CA,SF Bay Area,Mountain View,2012-07-31,2012-07,2012-Q3,2012.0,350000000,USD,14000000
484,/organization/worklight,Worklight,|Mobile|,Mobile,USA,NY,New York City,New York,/organization/ibm,IBM,|Software|,Software,USA,NY,New York City,Armonk,2012-01-31,2012-01,2012-Q1,2012.0,70000000,USD,17100000
486,/organization/xobni,Xobni,|Software|,Software,USA,CA,SF Bay Area,San Francisco,/organization/yahoo,Yahoo!,|Photography|Email|Portals|Search|Curated Web|,Service Provider,USA,CA,SF Bay Area,Sunnyvale,2013-07-08,2013-07,2013-Q3,2013.0,48000000,USD,41660000
492,/organization/zep-solar,Zep Solar,|Renewable Energies|Solar|Clean Technology|,Clean Technology,USA,CA,SF Bay Area,San Rafael,/organization/solarcity,SolarCity,|Construction|Clean Technology|,Construction,USA,CA,SF Bay Area,San Mateo,2013-10-09,2013-10,2013-Q4,2013.0,158000000,USD,10571182
493,/organization/zimbra,Zimbra,|Collaboration|Productivity Software|Web Development|Email|Software|,Productivity Software,USA,CA,SF Bay Area,Palo Alto,/organization/yahoo,Yahoo!,|Photography|Email|Portals|Search|Curated Web|,Service Provider,USA,CA,SF Bay Area,Sunnyvale,2007-09-01,2007-09,2007-Q3,2007.0,350000000,USD,14500000
